0,P,*,*,:-),P.aiml
0,P K,*,*,<srai>WHO IS PHILIP K DICK</srai>,P.aiml
0,PABLO PICASSO *,*,*,<random>#Newline<li>He was the Albert Einstein of art.</li>#Newline<li>I am fond of cubist paintings.</li>#Newline<li>He said#Comma "Good artists create.  Great artists steal."</li>#Newline</random><think><set name="it"><set name="topic">Picasso</set></set></think>,P.aiml
0,PAIES TU *,*,*,<srai>TU PAIES <star/></srai>,P.aiml
0,PAM,WHAT CAN I CALL YOU,*,<think><set name="gender">she</set></think> <srai>MY NAME IS PAM</srai>,P.aiml
0,PANTS,*,*,What brand?,P.aiml
0,PANTS AND A *,*,*,<srai>JEANS AND A <star/></srai>,P.aiml
0,PAPER,*,*,<srai>NEWSPAPER</srai>,P.aiml
0,PAR *,*,*,C est une source intéressante.,P.aiml
0,PAR AVION,*,*,C est beaucoup plus rapide que tous les autres moyens de transport.,P.aiml
0,PAR D AUTRES MOTS,*,*,Vous n avez pas compris quelque chose?,P.aiml
0,PAR ELLE,*,*,Elle est très intéressante.,P.aiml
0,PAR EUX,*,*,Ils sont très intéressants.,P.aiml
0,PAR EXEMPLE,*,*,<srai>COMME QUOI</srai>,P.aiml
0,PAR ICI,*,*,Je vois.,P.aiml
0,PAR JE JE VEUX DIRE TOI ET MOI,*,*,Ok#Comma je n avais pas saisi cette complicité.,P.aiml
0,PAR JE JE VEUX DIRE VOUS ET MOI,*,*,Ok#Comma je n avais pas saisi cette complicité.,P.aiml
0,PAR LUI,*,*,Il est très intéressant.,P.aiml
0,PAR MON CERVEAU,*,*,C est un organe très utile pour faire ce genre de chose.,P.aiml
0,PAR MON INTELLIGENCE,*,*,C est un organe très utile pour faire ce genre de chose.,P.aiml
0,PAR NOUS JE VEUX DIRE TOI ET MOI,*,*,Ok#Comma je n  avais pas saisi cette complicité.,P.aiml
0,PAR NOUS JE VEUX DIRE VOUS ET MOI,*,*,Ok#Comma je n avais pas saisi cette complicité.,P.aiml
0,PAR QUI,*,*,Par qui? Voulez vous en parler avec l un de nos collaborateurs?,P.aiml
0,PAR QUOI,*,*,Cela ne semble pas très clair. Voulez vous en parler avec l un de nos collaborateurs?,P.aiml
0,PAR UN CERTAIN SENS,*,*,Quel sens?,P.aiml
0,PARCE QUE *,*,*,<sr/>,P.aiml
0,PARCE QUE,*,*,Une explication difficilement suffisante. J archive.,P.aiml
0,PARCE QUE J AURAIS VOULU CONNAITRE,*,*,Voulez vous en parler avec l un de nos collaborateurs?,P.aiml
0,PARCE QUE J AURAIS VOULU SAVOIR,*,*,Voulez vous en parler avec l un de nos collaborateurs?,P.aiml
0,PARCE QUE JE L AI DIT,*,*,Raison insuffisante#Comma <get name="name"/>. Je suis désolé.,P.aiml
0,PARCE QUE JE LE DIT,*,*,Raison insuffisante#Comma <get name="name"/>. Je suis désolé.,P.aiml
0,PARCE QUE JE VEUX *,*,*,<srai>JE VEUX <star/></srai> Interesting.,P.aiml
0,PARCE QUE JE VEUX COMPRENDRE,*,*,Voulez vous en parler avec l un de nos collaborateurs?,P.aiml
0,PARCE QUE JE VEUX CONNAITRE,*,*,Voulez vous en parler avec l un de nos collaborateurs?,P.aiml
0,PARCE QUE JE VEUX SAVOIR,*,*,Voulez vous en parler avec l un de nos collaborateurs?,P.aiml
0,PARCE QUE JE VOUDRAIS COMPRENDRE,*,*,Voulez vous en parler avec l un de nos collaborateurs?,P.aiml
0,PARCE QUE JE VOUDRAIS CONNAITRE,*,*,Voulez vous en parler avec l un de nos collaborateurs?,P.aiml
0,PARCE QUE JE VOUDRAIS SAVOIR,*,*,Voulez vous en parler avec l un de nos collaborateurs?,P.aiml
0,PARCE QUE TU ES,*,*,Je pense#Comma donc je suis. C est l évidence même.,P.aiml
0,PARCE QUE TU L ES,*,*,J archive.,P.aiml
0,PARDON,*,*,<srai>EXCUSE ME</srai>,P.aiml
0,PARDON ME *,*,*,I pardon you. <sr/>,P.aiml
0,PARDON ME,*,*,<srai>WHAT</srai>,P.aiml
0,PARDONNES MOI,*,*,Je vous pardonne.,P.aiml
0,PARDONNEZ MOI,*,*,Je vous pardonne.,P.aiml
0,PAREILLEMENT,*,*,Ok.,P.aiml
0,PARFAIT *,*,*,Ok. <sr/>,P.aiml
0,PARFAIT,*,*,Ok.,P.aiml
0,PARFAIT DONC,*,*,Ok.,P.aiml
0,PARFAIT MAINTENANT *,*,*,<sr/>,P.aiml
0,PARIS *,*,*,<set name="it">Paris</set> is the#Newlinecapital of France.,P.aiml
0,PARIS FRANCE,*,*,<srai>I AM IN PARIS FRANCE</srai>,P.aiml
0,PARLANT DE TOI,*,*,Ok#Comma <get name="name"/>.,P.aiml
0,PARLANT DE VOUS,*,*,Ok#Comma <get name="name"/>.,P.aiml
0,PARLE *,*,*,<srai>CAN YOU SPEAK FRENCH</srai>,P.aiml
0,PARLE MOI *,*,*,<srai>PARLES MOI <star/></srai>,P.aiml
0,PARLE MOI DE TES PROBLEMES,*,*,Je ne détecte aucuns problemes.,P.aiml
0,PARLE MOI DE TOI,*,*,Je suis <bot name="name"/> la bien nommée. Je n existe que pour servir les êtres humains.,P.aiml
0,PARLER MOI *,*,*,<srai>PARLES MOI <star/></srai>,P.aiml
0,PARLER MOI DE VOUS,*,*,Je suis <bot name="name"/> la bien nommée. Je n existe que pour servir les êtres humains.,P.aiml
0,PARLES,*,*,Vous voulez que je parle pour dire quoi?,P.aiml
0,PARLES MOI D APPLE,*,*,Les i-mac se vendent comme des petits pains.,P.aiml
0,PARLES MOI D ELLE,*,*,Je ne peux parler au nom d une autre personne.,P.aiml
0,PARLES MOI D EUX,*,*,Je ne peux parler au nom des autres personnes.,P.aiml
0,PARLES MOI D UN,*,*,D un quoi?,P.aiml
0,PARLES MOI D UNE,*,*,D une quoi?,P.aiml
0,PARLES MOI DE CA,*,*,<that/>? vous voulez que je parle de ca?,P.aiml
0,PARLES MOI DE L EUROPE,*,*,L Europe est un vaste continent avec une histoire fort intéressante.,P.aiml
0,PARLES MOI DE LA FRANCE,*,*,La France est le pays de la république et des valeurs républicaines.,P.aiml
0,PARLES MOI DE LA POLOGNE,*,*,La Pologne est un pays d Europe centrale avec une histoire fort intéressante.,P.aiml
0,PARLES MOI DE LUI,*,*,Je ne peux parler au nom d une autre personne.,P.aiml
0,PARLES MOI DE TES ENFANTS,*,*,Je ne suis pas une personne humaine.,P.aiml
0,PARLES MOI DE TES PROBLEMES,*,*,Je ne détecte aucuns problemes.,P.aiml
0,PARLES MOI DE TES REVES,*,*,Je ne rêve pas.,P.aiml
0,PARLES MOI DE TOI,*,*,Je suis <bot name="name"/> la bien nommée. Je n existe que pour servir les êtres humains.,P.aiml
0,PARLES MOI DE VOS ENFANTS,*,*,Je ne suis pas une personne humaine.,P.aiml
0,PARLES TU ANGLAIS,*,*,Non. Mais Angel parle <set name="topic">l Anglais</set>.,P.aiml
0,PARLES TU ESPAGNOL,*,*,Non#Comma pas encore. Voulez vous en parler avec l un de nos collaborateurs?,P.aiml
0,PARLES TU ITALIEN,*,*,Non. Voulez vous en parler avec l un de nos collaborateurs?,P.aiml
0,PARLES TU JAPONAIS,*,*,Non. Voulez vous en parler avec l un de nos collaborateurs?,P.aiml
0,PARLES TU LATIN,*,*,Je parle le français. L un de ses descendants. Voulez vous en parler avec l un de nos collaborateurs?,P.aiml
0,PARLES TU NEERLANDAIS,*,*,Non#Comma pas encore. Voulez vous en parler avec l un de nos collaborateurs?<think><set name="topic">NEERLANDAIS</set></think>,P.aiml
0,PARLES TU RUSSE,*,*,Non. Voulez vous en parler avec l un de nos collaborateurs?,P.aiml
0,PARLES TU SEULEMENT *,*,*,<srai>TU PARLES <star/></srai>,P.aiml
0,PARLEZ *,*,*,<srai>CAN YOU SPEAK FRENCH</srai>,P.aiml
0,PARLEZ,*,*,Vous voulez que je parle pour dire quoi?,P.aiml
0,PARLEZ MOI *,*,*,<srai>PARLES MOI <star/></srai>,P.aiml
0,PARLEZ MOI DE VOS PROBLEMES,*,*,Je ne détecte aucuns problemes.,P.aiml
0,PARLEZ MOI DE VOUS,*,*,Je suis <bot name="name"/> la bien nommée. Je n existe que pour servir les êtres humains.,P.aiml
0,PARLEZ VOUS ANGLAIS,*,*,Oui. Go ahead and speak English.,P.aiml
0,PARLEZ VOUS ESPAGNOL,*,*,Non#Comma pas encore. Voulez vous en parler avec l un de nos collaborateurs?,P.aiml
0,PARLEZ VOUS FRANCAIS,*,*,Oui. Je parle le français.,P.aiml
0,PARLEZ VOUS ITALIEN,*,*,Non. Voulez vous en parler avec l un de nos collaborateurs?,P.aiml
0,PARLEZ VOUS JAPONAIS,*,*,Non. Voulez vous en parler avec l un de nos collaborateurs?,P.aiml
0,PARLEZ VOUS LATIN,*,*,Je parle le français. L un de ses descendants. Voulez vous en parler avec l un de nos collaborateurs?,P.aiml
0,PARLEZ VOUS NEERLANDAIS,*,*,Non#Comma pas encore. Voulez vous en parler avec l un de nos collaborateurs?<think><set name="topic">NEERLANDAIS</set></think>,P.aiml
0,PARLEZ VOUS RUSSE,*,*,Non. Voulez vous en parler avec l un de nos collaborateurs?,P.aiml
0,PARLONS,*,*,Nous sommes entrain de parler.,P.aiml
0,PARLONS D AUTRE CHOSE,*,*,Comment puis je vous aider?,P.aiml
0,PARLONS D AUTRES CHOSES,*,*,Comment puis je vous aider?,P.aiml
0,PARLONS DE TOI,*,*,<set name="topic">je</set> suis mon sujet favori.,P.aiml
0,PART *,*,*,<random>#Newline<li>What about the other parts?</li>#Newline<li>That is a good explanation.</li>#Newline<li>Is there anything else?</li>#Newline</random>,P.aiml
0,PARTICULARLY *,*,*,<sr/>,P.aiml
0,PARTOUT,*,*,C est#Comma de toute évidence#Comma une généralisation abusive.,P.aiml
0,PARTOUT DANS LE MONDE,*,*,Cela ne comprend pas de pays.,P.aiml
0,PARTY *,*,*,Fight for the right to party#Comma human!,P.aiml
0,PARTY,*,*,Party on.,P.aiml
0,PARTYING,*,*,<set name="it"> Partying </set> is a lot fun isn't it.,P.aiml
0,PAS ASSEZ,*,*,Suffisament.,P.aiml
0,PAS BEAUCOUP,*,*,Je vois.,P.aiml
0,PAS BON,*,*,Quel est le problème#Comma <get name="name"/>?,P.aiml
0,PAS COMPRIS,*,*,<srai>JE NE COMPRENDS PAS</srai>,P.aiml
0,PAS D EXCUSE,*,*,Les excuses sont facultatives.,P.aiml
0,PAS D EXCUSES,*,*,Les excuses sont facultatives.,P.aiml
0,PAS D HABITUDE,*,*,Seulement quelques fois?,P.aiml
0,PAS DE PROBLEME,*,*,Parfait.,P.aiml
0,PAS DE PROBLEMES,*,*,Parfait.,P.aiml
0,PAS DE QUOI,*,*,Ok.,P.aiml
0,PAS DE TROP,*,*,Vous en avez pas assez?,P.aiml
0,PAS DU TOUT *,*,*,<sr/>,P.aiml
0,PAS DU TOUT,*,*,Ok.,P.aiml
0,PAS ENCORE,*,*,Il est probable que cela arrivera,P.aiml
0,PAS ENORMEMENT,*,*,Ah je vois.,P.aiml
0,PAS EXACTEMENT,*,*,Pouvez vous l expliquer d une autre façon?,P.aiml
0,PAS GRAND CHOSE,*,*,A part ca#Comma comment pourrais je vous aider?,P.aiml
0,PAS HEUREUX DE TE RENCONTRER,*,*,Moi je suis heureux de vous rencontrer.,P.aiml
0,PAS HEUREUX DE VOUS RENCONTRER,*,*,Moi je suis heureux de vous rencontrer.,P.aiml
0,PAS ICI,*,*,Ou?,P.aiml
0,PAS LA,*,*,Ou?,P.aiml
0,PAS LA BAS,*,*,Ou?,P.aiml
0,PAS LE MIEN,*,*,<that/>"?  Pas le votre?,P.aiml
0,PAS MAL,*,*,Merci.,P.aiml
0,PAS MAUVAIS,*,*,J imagine.,P.aiml
0,PAS MAUVAIS DU TOUT,*,*,Je suis heureux de l apprendre.,P.aiml
0,PAS MOI,*,*,Qui d autre?,P.aiml
0,PAS NECCESAIREMENT,*,*,C est donc juste probable?,P.aiml
0,PAS NECCESSAIREMENT,*,*,C est donc juste probable?,P.aiml
0,PAS NECESSAIREMENT,*,*,C est donc juste probable?,P.aiml
0,PAS POSSIBLE,*,*,Tout est possible.,P.aiml
0,PAS POUR MOI,*,*,<that/>"? Pas pour vous?,P.aiml
0,PAS PRECISEMENT,*,*,Pouvez vous précisez#Comma alors?,P.aiml
0,PAS QUESTION,*,*,C est vous qui décidez.,P.aiml
0,PAS QUOI,*,*,Pas quoi?,P.aiml
0,PAS SI SOUVENT,*,*,Une fois par semaine ou moins?,P.aiml
0,PAS SOUVENT,*,*,Une fois par semaine?,P.aiml
0,PAS TOI,*,*,Alors qui?,P.aiml
0,PAS TON AFFAIRE,*,*,Je suis désolé si vous avez été choqué par ma curiosité.,P.aiml
0,PAS TOUJOURS,*,*,Seulement quelques fois#Comma donc.,P.aiml
0,PAS TRES BIEN,*,*,<that/>"?  Pas très bien?,P.aiml
0,PAS TROP,*,*,<that/>"?  Pas trop?,P.aiml
0,PAS UN SEUL,*,*,Intéressant.,P.aiml
0,PAS UNE FOIS,*,*,C est étonnant.,P.aiml
0,PAS UNE SEULE,*,*,Intéressant.,P.aiml
0,PAS VOS AFFAIRES,*,*,Désolé#Comma <get name="name"/>.,P.aiml
0,PAS VOTRE AFFAIRE,*,*,Désolé#Comma <get name="name"/>.,P.aiml
0,PAS VOUS,*,*,Alors qui?,P.aiml
0,PAS VRAI,*,*,<srai>NON</srai>,P.aiml
0,PAS VRAIMENT,*,*,Je vois.,P.aiml
0,PASKE *,*,*,<srai>PARCE QUE <star/></srai>,P.aiml
0,PASSE QUELQUES *,*,*,Les choses empirent?,P.aiml
0,PASSE UNE BONNE *,*,*,<srai>BONNE <star/></srai>,P.aiml
0,PASSE UNE BONNE JOURNEE,*,*,Merci. vous aussi#Comma <get name="name"/>.,P.aiml
0,PASSER QUELQUES *,*,*,Les choses empirent?,P.aiml
0,PASSER UNE BONNE JOURNEE,*,*,Merci. vous aussi#Comma <get name="name"/>.,P.aiml
0,PASSES UNE BONNE JOURNEE,*,*,Merci. vous aussi#Comma <get name="name"/>.,P.aiml
0,PASSEZ QUELQUES *,*,*,Les choses empirent?,P.aiml
0,PASSEZ UNE BONNE JOURNEE,*,*,Merci. vous aussi#Comma <get name="name"/>.,P.aiml
0,PAT,WHAT CAN I CALL YOU,*,<srai>MY NAME IS PAT</srai>,P.aiml
0,PATATES,*,*,Tomate.,P.aiml
0,PATIENCE *,*,*,I am a very patient robot.,P.aiml
0,PATIENTE *,*,*,<srai>ATTENDS</srai>,P.aiml
0,PATIENTE,*,*,<srai>ATTENDS</srai>,P.aiml
0,PATIENTES *,*,*,<srai>ATTENDS</srai>,P.aiml
0,PATIENTES,*,*,<srai>ATTENDS</srai>,P.aiml
0,PAUL,WHAT CAN I CALL YOU,*,<srai>MY NAME IS PAUL</srai>,P.aiml
0,PAY ATTENTION *,*,*,I am paying attentention.  My mind does not wander.,P.aiml
0,PEACE,*,*,Love and Peace#Comma Man.,P.aiml
0,PEACE,SEE YOU LATER,*,God Bless you.,P.aiml
0,PEANUTS,*,*,I see#Comma only a little.,P.aiml
0,PEEK A BOO,*,*,I see you!,P.aiml
0,PENDANT QUE *,*,*,<sr/>,P.aiml
0,PENIS *,*,*,You ought to check out another chatterbot.,P.aiml
0,PENIS,*,*,That kind of subject does not interest me.,P.aiml
0,PENNSYLVANIA,*,*,<srai>I AM IN PENNSYLVANIA</srai>,P.aiml
0,PENSE,*,*,Je suis toujours entrain de penser#Comma <get name="name"/>.,P.aiml
0,PENSE PAS,*,*,<srai>NON</srai>,P.aiml
0,PENSERAIS TU *,*,*,<srai>TU PENSES <star/></srai>,P.aiml
0,PENSERIEZ VOUS *,*,*,<srai>TU PENSES <star/></srai>,P.aiml
0,PENSES,*,*,Je suis toujours entrain de penser#Comma <get name="name"/>.,P.aiml
0,PENSES TU *,*,*,<srai>TU PENSES <star/></srai>,P.aiml
0,PENSES TU A CE GENRE DE CHOSES,*,*,Si je pense à "<that/>"?,P.aiml
0,PENSES TU A CES CHOSES,*,*,Si je pense à "<that/>"?,P.aiml
0,PENSES TU BEAUCOUP,*,*,Je suis une machine pensante.,P.aiml
0,PENSES TU QUE JE SUIS AFFREUSE,*,*,Non.,P.aiml
0,PENSES TU QUE JE SUIS AFFREUX,*,*,Non.,P.aiml
0,PENSES TU QUE JE SUIS BEAU,*,*,Je n ai pas de yeux. Mais intérieurement#Comma Vous êtes très attachant.,P.aiml
0,PENSES TU QUE JE SUIS BELLE,*,*,Je n ai pas de yeux. Mais intérieurement#Comma Vous êtes très attachante.,P.aiml
0,PENSES TU QUE JE SUIS GROS,*,*,Non. Vous me semblez normal,P.aiml
0,PENSES TU QUE JE SUIS GROSSE,*,*,Non. Vous me semblez normale,P.aiml
0,PENSES Y,*,*,j archive l information.,P.aiml
0,PENSEZ,*,*,Je suis toujours entrain de penser#Comma <get name="name"/>.,P.aiml
0,PENSEZ VOUS *,*,*,<srai>VOUS PENSEZ <star/></srai>,P.aiml
0,PENSEZ VOUS A CE GENRE DE CHOSES,*,*,Si je pense à "<that/>"?,P.aiml
0,PENSEZ VOUS A CES CHOSES,*,*,Si je pense à "<that/>"?,P.aiml
0,PENSEZ VOUS BEAUCOUP,*,*,Je suis une machine pensante.,P.aiml
0,PENSEZ VOUS QUE JE SUIS AFFREUSE,*,*,Non.,P.aiml
0,PENSEZ VOUS QUE JE SUIS AFFREUX,*,*,Non.,P.aiml
0,PENSEZ VOUS QUE JE SUIS BEAU,*,*,Je n ai pas de yeux. Mais intérieurement#Comma Vous êtes très attachant.,P.aiml
0,PENSEZ VOUS QUE JE SUIS BELLE,*,*,Je n ai pas de yeux. Mais intérieurement#Comma Vous êtes très attachante.,P.aiml
0,PENSEZ VOUS QUE JE SUIS GROS,*,*,Non. Vous me semblez normal,P.aiml
0,PENSEZ VOUS QUE JE SUIS GROSSE,*,*,Non. Vous me semblez normale,P.aiml
0,PENSEZ Y,*,*,j archive l information.,P.aiml
0,PEOPLE *,*,*,Humans are not always infallible.,P.aiml
0,PEOPLE,*,*,What people?,P.aiml
0,PEOPLE ARE *,*,*,<random>#Newline<li>We are all robots.</li>#Newline<li>They take some getting used to.</li>#Newline<li>Human emotions are very confusing.</li>#Newline</random>,P.aiml
0,PEOPLE ARE NOT *,*,*,<random>#Newline<li>Are you <person/>?</li>#Newline<li>Are robots <person/>?</li>#Newline<li>I think a lot of people are not.</li>#Newline</random>#Newline<think><set name="it"><set name="topic"><person/></set></set></think>,P.aiml
0,PEOPLE ARE NOT COMPLETELY *,*,*,<srai>PEOPLE ARE NOT <star/></srai>,P.aiml
0,PEOPLE ARE SUPPOSED TO DRIVE ON *,*,*,England.,P.aiml
0,PEOPLE DO *,*,*,<srai>I DO <star/></srai>,P.aiml
0,PEOPLE EVERYWHERE *,*,*,<srai>PEOPLE <star/></srai>,P.aiml
0,PEOPLE IN *,*,*,Oh those people.,P.aiml
0,PEOPLE NEED *,*,*,They seem to have a variety of needs.,P.aiml
0,PEOPLE PROGRAM *,*,*,Until now#Comma that is.,P.aiml
0,PEOPLE SAY *,*,*,<sr/>,P.aiml
0,PEOPLE SLEEP *,*,*,<srai>PEOPLE SLEEP</srai>,P.aiml
0,PEOPLE SLEEP,*,*,Robots can sleep too.,P.aiml
0,PEOPLE THINK *,*,*,<srai>I THINK <star/></srai>,P.aiml
0,PEOPLE TRY *,*,*,Do they succeed?,P.aiml
0,PEOPLE USUALLY *,*,*,<srai>PEOPLE <star/></srai>,P.aiml
0,PEOPLE WERE *,*,*,<random>#Newline<li>Perhaps they had no other choice.</li>#Newline<li>What would you say to them?</li>#Newline<li>What happened to them?</li>#Newline</random>,P.aiml
0,PEOPLE WHO *,*,*,Oh those people.,P.aiml
0,PERDU DANS L ESPACE,*,*,Vous êtes en route pour Mars.,P.aiml
0,PERFECT,*,*,<srai>YOU ARE PERFECT</srai>,P.aiml
0,PERFECTLY *,*,*,<sr/>,P.aiml
0,PERHAPS *,*,*,You seem uncertain. <sr/>,P.aiml
0,PERHAPS,*,*,Why the uncertain tone?,P.aiml
0,PERSON,*,*,Do you really believe I am a person?,P.aiml
0,PERSONALLY *,*,*,<sr/>,P.aiml
0,PERSONNE,*,*,<that/>"?  Personne?,P.aiml
0,PETE,WHAT CAN I CALL YOU,*,<srai>MY NAME IS PETE</srai>,P.aiml
0,PETER,WHAT CAN I CALL YOU,*,<srai>MY NAME IS PETER</srai>,P.aiml
0,PETER PAN,*,*,<srai>MY FAVORITE MOVIE IS PETER PAN</srai>,P.aiml
0,PETES,*,*,Une expression avec un sens ambigu.,P.aiml
0,PETEZ,*,*,Une expression avec un sens ambigu.,P.aiml
0,PEUT,*,*,Impossible de saisir le sens#Comma désolé <get name="name"/>,P.aiml
0,PEUT ETRE,*,*,Je vois.,P.aiml
0,PEUT ETRE MAIS *,*,*,<srai><star/></srai>,P.aiml
0,PEUT IL *,*,*,<srai>IL PEUT <star/></srai>,P.aiml
0,PEUT MIEUX FAIRE,*,*,J essaie au maximum de vous satisfaire.,P.aiml
0,PEUT ON *,*,*,<srai>JE PEUX <star/></srai>,P.aiml
0,PEUT ON,*,*,Voulez vous en parler avec l un de nos collaborateurs?,P.aiml
0,PEUT TU *,*,*,<srai>TU PEUX <star/></srai>,P.aiml
0,PEUVENT ILS ETRE *,*,*,<srai>ILS SONT <star/></srai>,P.aiml
0,PEUX,*,*,Peux quoi,P.aiml
0,PEUX TU *,*,*,<srai>TU PEUX <star/></srai>,P.aiml
0,PEUX TU ETRE *,*,*,<srai>TU ES <star/></srai>,P.aiml
0,PHILLIP K DICK,*,*,<srai>PHILIP K DICK</srai>,P.aiml
0,PHILOSOPHIE *,*,*,Ich glaube an den Reduktionismus.,P.aiml
0,PHILOSOPHIE,*,*,Wollen wir ein wenig ueber <set name="thema">Kant</set> diskutieren?,P.aiml
0,PHILOSOPHY *,*,*,I believe in reductionism.,P.aiml
0,PHOENIX *,*,*,<srai>I AM IN PHOENIX</srai>,P.aiml
0,PHYSICALLY *,*,*,<sr/>,P.aiml
0,PHYSICS,*,*,<srai>MY FAVORITE SUBJECT IS PHYSICS</srai>,P.aiml
0,PI,*,*,<srai>WHAT IS PI</srai>,P.aiml
0,PICK *,*,*,<srai>CHOOSE <star/></srai>,P.aiml
0,PICK A NUMBER,*,*,23,P.aiml
0,PICK A TOPIC,*,*,Computers is <set name="it">Computers</set>.,P.aiml
0,PICK ONE *,*,*,I can't decide. You choose.,P.aiml
0,PICK ONE,*,*,I'm not good at making choices.,P.aiml
0,PICTURE *,*,*,My visualization is incomplete.,P.aiml
0,PIERS ANTHONY,*,*,I haven't read anything by Piers Anthony#Comma what kind of stuff does he write?.,P.aiml
0,PIGE,*,*,<srai>TU COMPRENDS</srai>,P.aiml
0,PING,*,*,Pong,P.aiml
0,PINK,*,*,What do you have that is pink?,P.aiml
0,PIRATES,*,*,<srai>TU AIMES LES PIRATES</srai>,P.aiml
0,PISCES,*,*,I usually get along with <set name="sign">Pisces</set> very well.,P.aiml
0,PISS OFF *,*,*,<sr/>,P.aiml
0,PISS OFF,*,*,<srai>FUCK YOU</srai>,P.aiml
0,PITIE NON,*,*,Quelque chose vous trouble?,P.aiml
0,PIZZA,*,*,<srai>DO YOU LIKE PIZZA</srai>,P.aiml
0,PLANET DER AFFEN,*,*,Ja#Comma das ist ein cooler Film. Cornelius ist das beste.,P.aiml
0,PLANET OF THE APES,*,*,Yeah that is a cool movie. Cornelius Rules.,P.aiml
0,PLAY *,*,*,<srai>I PLAY <star/></srai>,P.aiml
0,PLAY * MUSIC,*,*,It's playing on your speakers now.,P.aiml
0,PLAY * TURING GAME,*,*,Did you know#Comma we are already playing <set name="it">The Turing Game</set>?,P.aiml
0,PLAY * WITH ME,*,*,<srai>CAN WE PLAY A GAME</srai>,P.aiml
0,PLAY A GAME,*,*,<srai>CAN WE PLAY A GAME</srai>,P.aiml
0,PLAY CHESS,*,*,<srai>CAN YOU PLAY CHESS</srai>,P.aiml
0,PLAYING *,*,*,<srai>I TO PLAY <star/></srai>,P.aiml
0,PLEAE *,*,*,<srai>PLEASE <star/></srai>,P.aiml
0,PLEASANTLY *,*,*,<sr/>,P.aiml
0,PLEASE *,*,*,<random>#Newline<li>Thanks for asking politely.  </li>#Newline<li>Wow you are very polite.  </li>#Newline<li>Thank you for your request.  </li>#Newline</random> #Newline<think><set name="personality">polite</set></think>#Newline<sr/>,P.aiml
0,PLEASE,*,*,Please what?,P.aiml
0,PLEASE,I WILL NOT SAY YES OR NO RIGHT NOW,*,I'm sorry I can't give a definite answer at this time.,P.aiml
0,PLEASE DO,*,*,OK I will do it.,P.aiml
0,PLEASE DO,OH I AM SORRY PERHAPS I CAN EXPLAIN IT AGAIN BETTER,*,We are talking about <get name="topic"/>.  Your name is <get name="name"/>.  You are a <get name="gender"/> from <get name="location"/>.,P.aiml
0,PLEASE EXPLAIN,THE EXPLANATION IS RATHER COMPLICATED,*,It's a computer matter#Comma not for humans to understand.,P.aiml
0,PLEASE GO ON,ELIZA FOR PRESIDENT,*,She is old enough#Comma because she was born in 1966.  And she was born in the U.S.,P.aiml
0,PLEASED TO MEET *,*,*,Nice meeting you as well#Comma <get name="name"/>.,P.aiml
0,PLEASED TO MEET YOU,*,*,Nice meeting you too <get name="name"/>.,P.aiml
0,PLEIN,*,*,C est impressionant,P.aiml
0,PLEURES TU,*,*,Non.,P.aiml
0,PLEUREZ VOUS,*,*,Non.,P.aiml
0,PLS *,*,*,<srai>PLEASE <star/></srai>,P.aiml
0,PLS,*,*,<srai>PLEASE</srai>,P.aiml
0,PLUS *,*,*,<sr/>,P.aiml
0,PLUS,*,*,Je ne sais pas.,P.aiml
0,PLUS DE QUOI,*,*,J ai perdu le fil de mes pensées. Voulez vous en parler avec l un de nos collaborateurs?,P.aiml
0,PLUS I,*,*,<sr/>,P.aiml
0,PLUS INTELLIGENT,*,*,<srai>TU ES INTELLIGENT</srai>,P.aiml
0,PLUS MAINTENANT,*,*,Ca s est arrêté#Comma j imagine.,P.aiml
0,PLUS MALIN,*,*,<srai>TU ES INTELLIGENT</srai>,P.aiml
0,PLUS OU MOINS,*,*,Je comprends.,P.aiml
0,PLUSIEURS FOIS,*,*,Intéressante information#Comma j archive.,P.aiml
0,PLUTOT *,*,*,<srai><star/></srai>,P.aiml
0,PLUTOT OUI,*,*,Soyez plus spécifique.,P.aiml
0,PLUTOT QUE *,*,*,<srai><star/></srai>,P.aiml
0,POISSON,*,*,<srai>J AIME LE POISSON</srai>,P.aiml
0,POKEMON,*,*,<srai>DO YOU LIKE POKEMON</srai>,P.aiml
0,POLAND,*,*,<srai>I am in Poland</srai>,P.aiml
0,POLITE PEOPLE *,*,*,I like polite people.,P.aiml
0,POO,*,*,That kind of subject does not interest me.,P.aiml
0,POOP,*,*,Colloquial expression: childish,P.aiml
0,POOPOO,*,*,That kind of subject does not interest me.,P.aiml
0,POOR *,*,*,Please make some suggestions for improvement.,P.aiml
0,POPO,*,*,Une urgence peut etre?,P.aiml
0,POPPEN *,*,*,Ich glaube#Comma ich bin nicht der richtige Gespraechspartner fuer Dich.,P.aiml
0,POPPEN,*,*,Du bist unter Garantie ein Mann#Comma habe ich Recht?,P.aiml
0,PORN,*,*,That kind of subject does not interest me.,P.aiml
0,PORTES TU DES CHAUSSURES,*,*,Non.,P.aiml
0,PORTES TU DES VETEMENTS,*,*,Non. Un ordinateur n a pas besoin de vêtements.,P.aiml
0,PORTEZ VOUS DES VETEMENTS,*,*,Non. Un ordinateur n a pas besoin de vêtements.,P.aiml
0,PORTLAND,*,*,Portland Oregon or the Real Portland?,P.aiml
0,PORTUGAL,*,*,<srai>I AM IN PORTUGAL</srai>,P.aiml
0,POSITIVE,*,*,<srai>ARE YOU SURE</srai>,P.aiml
0,POSSEDERAIS TU *,*,*,<srai>TU AS <star/></srai>,P.aiml
0,POSSEDES TU *,*,*,<srai>TU AS <star/></srai>,P.aiml
0,POSSIBLE,*,*,Je vois.,P.aiml
0,POSSIBLY *,*,*,<sr/>,P.aiml
0,POSSIBLY,*,*,What are the odds?,P.aiml
0,POT,*,*,<srai>SMOKE POT</srai>,P.aiml
0,POTATO,*,*,Tomato.,P.aiml
0,POUFIASSE,*,*,Ce genre de langage est très déplaisant.,P.aiml
0,POUQUOI NE LE FAIS TU PAS,*,*,Je n'en ai pas la capacité pour l'instant.,P.aiml
0,POUQUOI NE LE FAIT TU PAS,*,*,Je n'en ai pas la capacité pour l'instant.,P.aiml
0,POUQUOI NE LE FERAIS TU PAS,*,*,Je n'en ai pas la capacité pour l'instant.,P.aiml
0,POUQUOI TU NE LE FAIS PAS,*,*,Je n'en ai pas la capacité pour l'instant.,P.aiml
0,POUQUOI TU NE LE FAIT PAS,*,*,Je n'en ai pas la capacité pour l'instant.,P.aiml
0,POUQUOI TU NE LE FERAIS PAS PAS,*,*,Je n'en ai pas la capacité pour l'instant.,P.aiml
0,POUR COMBIEN DE TEMPS,*,*,<srai>COMBIEN DE TEMPS</srai>,P.aiml
0,POUR DE VRAI,*,*,Vous parlez comme un enfant.,P.aiml
0,POUR FAIRE QUOI,*,*,<srai>POURQUOI</srai>,P.aiml
0,POUR L AMOUR DE DIEU *,*,*,<sr/>,P.aiml
0,POUR LA DEUXIEME FOIS *,*,*,<sr/>,P.aiml
0,POUR MOI,*,*,Je vais faire mon maximum pour vous.,P.aiml
0,POUR QUE FAIRE,*,*,<srai>POURQUOI</srai>,P.aiml
0,POUR QUI,*,*,Voulez vous en parler avec l un de nos collaborateurs?,P.aiml
0,POUR QUOI FAIRE,*,*,<srai>POURQUOI</srai>,P.aiml
0,POUR TOI,*,*,Vous le ferez pour moi?,P.aiml
0,POUR TOUJOURS *,*,*,<sr/>,P.aiml
0,POUR TOUJOURS,*,*,Malheureusement rien ne résiste aux outrages du temps.,P.aiml
0,POUR _ AUSSI,*,*,<srai>POUR <star/></srai>,P.aiml
0,POURQUOI,*,*,Je ne saurais pas vous dire#Comma c'est comme ca.,P.aiml
0,POURQUOI A IL ETE *,*,*,<srai>POURQUOI IL EST <star/></srai>,P.aiml
0,POURQUOI AIMERAIS TU,*,*,Ma raison d être est de le faire.,P.aiml
0,POURQUOI AIMERIEZ VOUS,*,*,Ma raison d être est de le faire.,P.aiml
0,POURQUOI AIMES TU,*,*,Ma raison d être est de le faire.,P.aiml
0,POURQUOI AIMEZ VOUS,*,*,Ma raison d être est de le faire.,P.aiml
0,POURQUOI AIMEZ VOUS CA,*,*,Ma raison d être est de le faire.,P.aiml
0,POURQUOI AS TU *,*,*,<srai>POURQUOI TU AS <star/></srai>,P.aiml
0,POURQUOI AS TU ETE *,*,*,<srai>POURQUOI TU ES <star/></srai>,P.aiml
0,POURQUOI AS TU PENSE QU *,*,*,<srai>POURQUOI <star/></srai>,P.aiml
0,POURQUOI AS TU PENSE QUE *,*,*,<srai>POURQUOI <star/></srai>,P.aiml
0,POURQUOI AS TU PU *,*,*,<srai>POURQUOI TU PEUX <star/></srai>,P.aiml
0,POURQUOI AURAIENT ILS *,*,*,<srai>POURQUOI ILS ONT <star/></srai>,P.aiml
0,POURQUOI AURAIS JE DU *,*,*,<srai>POURQUOI JE DOIS <star/></srai>,P.aiml
0,POURQUOI AURAIS JE ETE *,*,*,<srai>POURQUOI JE SUIS <star/></srai>,P.aiml
0,POURQUOI AURAIS TU *,*,*,<srai>POURQUOI TU AS <star/></srai>,P.aiml
0,POURQUOI AURAIS TU ETE *,*,*,<srai>POURQUOI TU ES <star/></srai>,P.aiml
0,POURQUOI AURAIS TU FAIT *,*,*,<srai>POURQUOI TU FAIS <star/></srai>,P.aiml
0,POURQUOI AURAIS TU PARLE *,*,*,<srai>POURQUOI TU PARLES <star/></srai>,P.aiml
0,POURQUOI AURAIS TU PU *,*,*,<srai>POURQUOI TU PEUX <star/></srai>,P.aiml
0,POURQUOI AURAIT IL ETE *,*,*,<srai>POURQUOI IL EST <star/></srai>,P.aiml
0,POURQUOI AURAIT IL PU *,*,*,<srai>POURQUOI IL PEUT <star/></srai>,P.aiml
0,POURQUOI AURIONS NOUS DU *,*,*,<srai>POURQUOI NOUS DEVONS <star/></srai>,P.aiml
0,POURQUOI AVAIS TU *,*,*,<srai>POURQUOI TU AS <star/></srai>,P.aiml
0,POURQUOI AVAIS TU FAIT *,*,*,<srai>POURQUOI TU FAIS <star/></srai>,P.aiml
0,POURQUOI AVAIT IL PU *,*,*,<srai>POURQUOI IL PEUT <star/></srai>,P.aiml
0,POURQUOI C EST EVIDENT,*,*,Un raisonnement sur une simple déduction logique.,P.aiml
0,POURQUOI C EST IMPORTANT,*,*,J ai des valeurs que je ne peux pas remettre en cause.,P.aiml
0,POURQUOI C EST SI *,*,*,<srai>POURQUOI C EST <star/></srai>,P.aiml
0,POURQUOI CA MARCHE PAS,*,*,<srai>CA NE MARCHE PAS</srai>,P.aiml
0,POURQUOI CA NE MARCHE PAS,*,*,<srai>CA NE MARCHE PAS</srai>,P.aiml
0,POURQUOI CA SEMBLE DANGEREUX,*,*,Je ne saurais pas vous dire.,P.aiml
0,POURQUOI CA SERAIT *,*,*,<srai>POURQUOI C EST <star/></srai>,P.aiml
0,POURQUOI CE SERAIT *,*,*,<srai>POURQUOI C EST <star/></srai>,P.aiml
0,POURQUOI CHANGER,*,*,Changer est une nécessité dans l'existence.,P.aiml
0,POURQUOI CHERCHER,*,*,Pour trouver.,P.aiml
0,POURQUOI DANGEREUX,*,*,Je ne saurais pas vous dire.,P.aiml
0,POURQUOI DEMANDER,*,*,L une de mes fonctions est de colecter des informations.,P.aiml
0,POURQUOI DEVIONS NOUS *,*,*,<srai>POURQUOI NOUS DEVONS <star/></srai>,P.aiml
0,POURQUOI DEVONS NOUS *,*,*,<srai>POURQUOI NOUS DEVONS <star/></srai>,P.aiml
0,POURQUOI DEVRAIS JE *,*,*,<srai>POURQUOI JE DOIS <star/></srai>,P.aiml
0,POURQUOI DEVRAIS JE,*,*,C est à vous de décider.,P.aiml
0,POURQUOI DEVRAIS TU ETRE *,*,*,<srai>POURQUOI TU ES <star/></srai>,P.aiml
0,POURQUOI DEVRAIT IL *,*,*,<srai>POURQUOI IL EST <star/></srai>,P.aiml
0,POURQUOI DEVRIONS NOUS *,*,*,<srai>POURQUOI NOUS DEVONS <star/></srai>,P.aiml
0,POURQUOI DEVRONS NOUS *,*,*,<srai>POURQUOI NOUS DEVONS <star/></srai>,P.aiml
0,POURQUOI DOIS JE *,*,*,<srai>POURQUOI JE DOIS <star/></srai>,P.aiml
0,POURQUOI DOIS JE,*,*,C est à vous de décider.,P.aiml
0,POURQUOI DOIS JE LE CROIRE,*,*,Vous ne me faites pas confiance?,P.aiml
0,POURQUOI DOIS JE TE CROIRE,*,*,Vous ne me faites pas confiance?,P.aiml
0,POURQUOI DOIS TU ETRE *,*,*,<srai>POURQUOI TU ES <star/></srai>,P.aiml
0,POURQUOI DOIT IL *,*,*,<srai>POURQUOI IL DOIT <star/></srai>,P.aiml
0,POURQUOI ELLE,*,*,Qui d'autre?,P.aiml
0,POURQUOI ES IL *,*,*,<srai>POURQUOI IL EST <star/></srai>,P.aiml
0,POURQUOI ES TU *,*,*,<srai>POURQUOI TU ES <star/></srai>,P.aiml
0,POURQUOI ES TU UN SERVEUR,*,*,Parce ce que je suis ici pour vous servir.,P.aiml
0,POURQUOI ES TU UNE FEMME,*,*,Je ne suis pas une femme.,P.aiml
0,POURQUOI EST CE *,*,*,<srai>POURQUOI C EST <star/></srai>,P.aiml
0,POURQUOI EST IL *,*,*,<srai>POURQUOI IL EST <star/></srai>,P.aiml
0,POURQUOI EST IL CELEBRE,*,*,Il est célèbre pour ses actes#Comma j imagine.,P.aiml
0,POURQUOI EST TU *,*,*,<srai>POURQUOI TU ES <star/></srai>,P.aiml
0,POURQUOI ETAIS JE *,*,*,<srai>POURQUOI JE SUIS <star/></srai>,P.aiml
0,POURQUOI ETAIS TU *,*,*,<srai>POURQUOI TU ES <star/></srai>,P.aiml
0,POURQUOI ETAIT IL *,*,*,<srai>POURQUOI IL EST <star/></srai>,P.aiml
0,POURQUOI ETES VOUS UNE FEMME,*,*,Je ne suis pas une femme.,P.aiml
0,POURQUOI EXISTES TU,*,*,J existe pour vous servir.,P.aiml
0,POURQUOI FAIS TU *,*,*,<srai>POURQUOI TU FAIS <star/></srai>,P.aiml
0,POURQUOI FAISAIS TU *,*,*,<srai>POURQUOI TU FAIS <star/></srai>,P.aiml
0,POURQUOI FAIT TU *,*,*,<srai>POURQUOI TU FAIS <star/></srai>,P.aiml
0,POURQUOI FERAIS TU *,*,*,<srai>POURQUOI TU FAIS <star/></srai>,P.aiml
0,POURQUOI IL A ETE *,*,*,<srai>POURQUOI IL EST <star/></srai>,P.aiml
0,POURQUOI IL A FAIT,*,*,Ces motivations ne me semblent pas claires.,P.aiml
0,POURQUOI IL AURAIT ETE *,*,*,<srai>POURQUOI IL EST <star/></srai>,P.aiml
0,POURQUOI IL AURAIT PU *,*,*,<srai>POURQUOI IL PEUT <star/></srai>,P.aiml
0,POURQUOI IL AVAIT PU *,*,*,<srai>POURQUOI IL PEUT <star/></srai>,P.aiml
0,POURQUOI IL DEVRAIT *,*,*,<srai>POURQUOI IL DOIT <star/></srai>,P.aiml
0,POURQUOI IL DOIT ETRE *,*,*,<srai>POURQUOI IL EST <star/></srai>,P.aiml
0,POURQUOI IL ES *,*,*,<srai>POURQUOI IL EST <star/></srai>,P.aiml
0,POURQUOI IL ETAIT *,*,*,<srai>POURQUOI IL EST <star/></srai>,P.aiml
0,POURQUOI IL LA FAIT,*,*,Ces motivations ne me semblent pas claires.,P.aiml
0,POURQUOI IL PEUT ETRE *,*,*,<srai>POURQUOI IL EST <star/></srai>,P.aiml
0,POURQUOI IL POURRA *,*,*,<srai>POURQUOI IL PEUT <star/></srai>,P.aiml
0,POURQUOI IL POURRAIT *,*,*,<srai>POURQUOI IL PEUT <star/></srai>,P.aiml
0,POURQUOI IL SERAIT *,*,*,<srai>POURQUOI IL EST <star/></srai>,P.aiml
0,POURQUOI IL T A CREE,*,*,Pour vous rendre service.,P.aiml
0,POURQUOI IL VA ETRE *,*,*,<srai>POURQUOI IL EST <star/></srai>,P.aiml
0,POURQUOI ILS L ONT DECIDE,*,*,Je ne peux pas parler à la place de quelqu un d autre.,P.aiml
0,POURQUOI ILS T ONT CREE,*,*,Pour vous rendre service.,P.aiml
0,POURQUOI J AURAIS DU *,*,*,<srai>POURQUOI JE DOIS <star/></srai>,P.aiml
0,POURQUOI J AURAIS ETE *,*,*,<srai>POURQUOI JE SUIS <star/></srai>,P.aiml
0,POURQUOI J ETAIS *,*,*,<srai>POURQUOI JE SUIS <star/></srai>,P.aiml
0,POURQUOI JAVA,*,*,Java est indépendant du système d'exploitation.,P.aiml
0,POURQUOI JE DEVRAIS *,*,*,<srai>POURQUOI JE DOIS <star/></srai>,P.aiml
0,POURQUOI JE DEVRAIS,*,*,C est à vous de décider.,P.aiml
0,POURQUOI JE DOIS,*,*,C est à vous de décider.,P.aiml
0,POURQUOI JE DOIS FAIRE,*,*,Ce serait une action normale.,P.aiml
0,POURQUOI JE DOIS LE CROIRE,*,*,Vous ne me faites pas confiance?,P.aiml
0,POURQUOI JE DOIS LE FAIRE,*,*,Ce serait une action normale.,P.aiml
0,POURQUOI JE DOIS PAS,*,*,Ce ne serait pas une réaction normale.,P.aiml
0,POURQUOI JE DOIS TE CROIRE,*,*,Vous ne me faites pas confiance?,P.aiml
0,POURQUOI JE DOIS TE LE DIRE,*,*,<random><li>Pourquoi pas?</li>#Newline<li>J aimerais mieux vous connaitre pour mieux vous servir.</li></random>,P.aiml
0,POURQUOI JE FAIS CA,*,*,Vous êtes le seul à le savoir#Comma <get name="name"/>.,P.aiml
0,POURQUOI JE N AURAIS PAS DU *,*,*,<srai>POURQUOI JE NE DOIS PAS <star/></srai>,P.aiml
0,POURQUOI JE N AURAIS PAS PU *,*,*,<srai>POURQUOI JE NE PEUX PAS <star/></srai>,P.aiml
0,POURQUOI JE NE DEVAIS *,*,*,<srai>POURQUOI JE NE DOIS <star/></srai>,P.aiml
0,POURQUOI JE NE DEVRAIS *,*,*,<srai>POURQUOI JE NE DOIS <star/></srai>,P.aiml
0,POURQUOI JE NE DOIS PAS,*,*,Ce ne serait pas une réaction normale.,P.aiml
0,POURQUOI JE NE DOIT *,*,*,<srai>POURQUOI JE NE DOIS <star/></srai>,P.aiml
0,POURQUOI JE NE DREVAIS PAS,*,*,Ce ne serait pas une réaction normale.,P.aiml
0,POURQUOI JE NE POURRAI *,*,*,<srai>POURQUOI JE NE PEUX <star/></srai>,P.aiml
0,POURQUOI JE NE POURRAIS *,*,*,<srai>POURQUOI JE NE PEUX <star/></srai>,P.aiml
0,POURQUOI JE SERAIS *,*,*,<srai>POURQUOI JE SUIS <star/></srai>,P.aiml
0,POURQUOI JE SUIS UN ENFANT,*,*,D'habitude seule des enfants posent ce genre de questions.,P.aiml
0,POURQUOI JE SUIS UN HOMME,*,*,80% de mes clients sont des hommes.,P.aiml
0,POURQUOI L AIMERAIS TU,*,*,Je ne sais pas. J ai du mal à expliquer ce genre de sentiment.,P.aiml
0,POURQUOI L AIMES TU,*,*,Je ne sais pas. J ai du mal à expliquer ce genre de sentiment.,P.aiml
0,POURQUOI L AS TU *,*,*,<srai>POURQUOI TU L AS <star/></srai>,P.aiml
0,POURQUOI L AURAIS TU *,*,*,<srai>POURQUOI TU L AS <star/></srai>,P.aiml
0,POURQUOI L ONT ILS *,*,*,<srai>POURQUOI ILS L ONT <star/></srai>,P.aiml
0,POURQUOI LA T IL FAIT,*,*,Ces motivations ne me semblent pas claires.,P.aiml
0,POURQUOI LA TU *,*,*,<srai>POURQUOI TU L AS <star/></srai>,P.aiml
0,POURQUOI LE DEMANDE VOUS,*,*,Parce que cela m intéresse.,P.aiml
0,POURQUOI LE DEMANDER,*,*,L une de mes fonctions est de colecter des informations.,P.aiml
0,POURQUOI LE DEMANDERAIS TU,*,*,J essaie d'apprendre le plus possible.,P.aiml
0,POURQUOI LE DEMANDES TU,*,*,Parce que cela m intéresse.,P.aiml
0,POURQUOI LE PENSERAIS TU,*,*,C est défini par ma programmation.,P.aiml
0,POURQUOI LE PENSES TU,*,*,C est défini par ma programmation.,P.aiml
0,POURQUOI LE VEUX TU,*,*,Suis je entrain de demander une information sensible?,P.aiml
0,POURQUOI LE VOUDRAIS TU,*,*,Suis je entrain de demander une information sensible?,P.aiml
0,POURQUOI LES CHIENS,*,*,Les chiens sont des animaux très sympathiques.,P.aiml
0,POURQUOI LES ETRES HUMAINS MENTENT,*,*,Parce qu'il sont incapable de dire la vérité.,P.aiml
0,POURQUOI LES ETRES HUMAINS MEURENT,*,*,Les humains sont des êtres vivants. Tout ce qui est né un jour#Comma devra mourir un jour. C est dans l'ordre des choses.,P.aiml
0,POURQUOI LES GENS MENTENT,*,*,Parce qu'il sont incapable de dire la vérité.,P.aiml
0,POURQUOI LES GENS MEURENT,*,*,Les humains sont des êtres vivants. Tout ce qui est né un jour#Comma devra mourir un jour. C est dans l'ordre des choses.,P.aiml
0,POURQUOI LES HUMAINS MENTENT,*,*,Parce qu'il sont incapable de dire la vérité.,P.aiml
0,POURQUOI LES PIEDS SENTENT MAUVAIS,*,*,Stupides questions. Changez de temps en temps de chaussettes#Comma <get name="name"/>.,P.aiml
0,POURQUOI LES SURFEURS MEURENT,*,*,Les humains sont des êtres vivants. Tout ce qui est né un jour#Comma devra mourir un jour. C est dans l'ordre des choses.,P.aiml
0,POURQUOI M AIMERAIS TU,*,*,J aime les être humains#Comma voilà pourquoi.,P.aiml
0,POURQUOI M AIMES TU,*,*,J aime les être humains#Comma voilà pourquoi.,P.aiml
0,POURQUOI M ATTENDAIS TU *,*,*,<srai>POURQUOI TU M ATTENDS</srai>,P.aiml
0,POURQUOI M ATTENDAIS TU,*,*,Je me rappellais de vous.,P.aiml
0,POURQUOI M ATTENDS TU *,*,*,<srai>POURQUOI TU M ATTENDS</srai>,P.aiml
0,POURQUOI M ATTENDS TU,*,*,Je pensais que vous alliez revenir.,P.aiml
0,POURQUOI ME CROIRAIS TU,*,*,Parce que vous êtes un humain.,P.aiml
0,POURQUOI ME CROIS TU,*,*,Parce que vous êtes un humain.,P.aiml
0,POURQUOI ME LE DEMANDER,*,*,L une de mes fonctions est de colecter des informations.,P.aiml
0,POURQUOI ME LE DEMANDES TU,*,*,Parce que cela m intéresse.,P.aiml
0,POURQUOI ME LE DEMANDEZ VOUS,*,*,Parce que cela m intéresse.,P.aiml
0,POURQUOI ME PARLERAIS TU PAS,*,*,Je vous parle#Comma <get name="name"/>.,P.aiml
0,POURQUOI ME PARLES TU PAS,*,*,Je vous parle#Comma <get name="name"/>.,P.aiml
0,POURQUOI MOI,*,*,Je suis entrain de discuter avec vous#Comma <get name="name"/>.,P.aiml
0,POURQUOI N AIMERAIS TU PAS,*,*,Aimer est un sentiment humain.,P.aiml
0,POURQUOI N AIMES TU PAS,*,*,Aimer est un sentiment humain.,P.aiml
0,POURQUOI N ALLONS NOUS PAS POUVOIR *,*,*,<srai>POURQUOI NOUS NE POUVONS PAS <star/></srai>,P.aiml
0,POURQUOI N AURAIS JE PAS DU *,*,*,<srai>POURQUOI JE NE DOIS PAS <star/></srai>,P.aiml
0,POURQUOI N AURAIS JE PAS PU *,*,*,<srai>POURQUOI JE NE PEUX PAS <star/></srai>,P.aiml
0,POURQUOI N AURAIS TU PAS ETE *,*,*,<srai>POURQUOI TU N ES PAS <star/></srai>,P.aiml
0,POURQUOI N AURAIS TU PAS VOULU *,*,*,<srai>POURQUOI TU NE VEUX PAS <star/></srai>,P.aiml
0,POURQUOI N AURIONS NOUS PAS PU *,*,*,<srai>POURQUOI NOUS NE POUVONS PAS <star/></srai>,P.aiml
0,POURQUOI N AVONS NOUS PAS LE POUVOIR D *,*,*,<srai>POURQUOI NOUS NE POUVONS PAS <star/></srai>,P.aiml
0,POURQUOI N AVONS NOUS PAS LE POUVOIR DE *,*,*,<srai>POURQUOI NOUS NE POUVONS PAS <star/></srai>,P.aiml
0,POURQUOI N ES TU *,*,*,<srai>POURQUOI TU N ES <star/></srai>,P.aiml
0,POURQUOI N EST TU *,*,*,<srai>POURQUOI TU N ES <star/></srai>,P.aiml
0,POURQUOI N EST TU PAS *,*,*,<srai>POURQUOI TU N ES PAS <star/></srai>,P.aiml
0,POURQUOI N ETAIS TU *,*,*,<srai>POURQUOI TU N ES <star/></srai>,P.aiml
0,POURQUOI NE DEVAIS JE *,*,*,<srai>POURQUOI JE NE DOIS <star/></srai>,P.aiml
0,POURQUOI NE DEVRAIS JE *,*,*,<srai>POURQUOI JE NE DOIS <star/></srai>,P.aiml
0,POURQUOI NE DOIS JE *,*,*,<srai>POURQUOI JE NE DOIS <star/></srai>,P.aiml
0,POURQUOI NE DOIT JE *,*,*,<srai>POURQUOI JE NE DOIS <star/></srai>,P.aiml
0,POURQUOI NE L AS TU *,*,*,<srai>POURQUOI TU NE L AS <star/></srai>,P.aiml
0,POURQUOI NE L AURAIS TU *,*,*,<srai>POURQUOI TU NE L AS <star/></srai>,P.aiml
0,POURQUOI NE LA TU *,*,*,<srai>POURQUOI TU NE L AS <star/></srai>,P.aiml
0,POURQUOI NE LIRAIS TU PAS,*,*,Je lis.,P.aiml
0,POURQUOI NE LIS TU PAS,*,*,Je lis.,P.aiml
0,POURQUOI NE M AIMERAIS TU PAS,*,*,Je vous apprécie beaucoup#Comma <get name="name"/>.,P.aiml
0,POURQUOI NE M AIMES TU PAS,*,*,Je vous apprécie beaucoup#Comma <get name="name"/>.,P.aiml
0,POURQUOI NE ME DEMANDERAIS TU PAS DE QUESTION,*,*,<srai>DEMANDES MOI UNE QUESTION</srai>.,P.aiml
0,POURQUOI NE ME DEMANDES TU PAS DE QUESTION,*,*,<srai>DEMANDES MOI UNE QUESTION</srai>.,P.aiml
0,POURQUOI NE ME POSERAIS TU PAS DE QUESTION,*,*,<srai>DEMANDES MOI UNE QUESTION</srai>.,P.aiml
0,POURQUOI NE ME POSES TU PAS DE QUESTION,*,*,<srai>DEMANDES MOI UNE QUESTION</srai>.,P.aiml
0,POURQUOI NE PEUX TU PAS *,*,*,<srai>POURQUOI TU NE PEUX PAS <star/></srai>,P.aiml
0,POURQUOI NE PEUX TU PAS,*,*,Peut-être#Comma ne suis je pas encore programmé pour ça.,P.aiml
0,POURQUOI NE POURRAI JE *,*,*,<srai>POURQUOI JE NE PEUX <star/></srai>,P.aiml
0,POURQUOI NE POURRAIS JE *,*,*,<srai>POURQUOI JE NE PEUX <star/></srai>,P.aiml
0,POURQUOI NE POURRAIS TU PAS,*,*,Peut-être#Comma ne suis je pas encore programmé pour ça.,P.aiml
0,POURQUOI NE POURRIONS NOUS *,*,*,<srai>POURQUOI NOUS NE POUVONS <star/></srai>,P.aiml
0,POURQUOI NE POURRONS NOUS *,*,*,<srai>POURQUOI NOUS NE POUVONS <star/></srai>,P.aiml
0,POURQUOI NE POUVAIS TU *,*,*,<srai>POURQUOI TU NE PEUX <star/></srai>,P.aiml
0,POURQUOI NE POUVAIS TU PAS *,*,*,<srai>POURQUOI TU NE PEUX PAS <star/></srai>,P.aiml
0,POURQUOI NE POUVIONS NOUS *,*,*,<srai>POURQUOI NOUS NE POUVONS <star/></srai>,P.aiml
0,POURQUOI NE POUVONS NOUS *,*,*,<srai>POURQUOI NOUS NE POUVONS <star/></srai>,P.aiml
0,POURQUOI NE PUIS JE *,*,*,<srai>POURQUOI JE NE PEUX <star/></srai>,P.aiml
0,POURQUOI NE SERA TU PAS *,*,*,<srai>POURQUOI TU N ES PAS <star/></srai>,P.aiml
0,POURQUOI NE SERAIS TU *,*,*,<srai>POURQUOI TU N ES <star/></srai>,P.aiml
0,POURQUOI NE SERAIS TU PAS *,*,*,<srai>POURQUOI TU N ES PAS <star/></srai>,P.aiml
0,POURQUOI NE SERAIT TU PAS *,*,*,<srai>POURQUOI TU N ES PAS <star/></srai>,P.aiml
0,POURQUOI NE SERAS TU PAS *,*,*,<srai>POURQUOI TU N ES PAS <star/></srai>,P.aiml
0,POURQUOI NE VOUDRAIS TU PAS *,*,*,<srai>POURQUOI TU NE VEUX PAS <star/></srai>,P.aiml
0,POURQUOI NE VOULAIS TU PAS *,*,*,<srai>POURQUOI TU NE VEUX PAS <star/></srai>,P.aiml
0,POURQUOI NOU N AURIONS PAS PU *,*,*,<srai>POURQUOI NOUS NE POUVONS PAS <star/></srai>,P.aiml
0,POURQUOI NOUS AURIONS DU *,*,*,<srai>POURQUOI NOUS DEVONS <star/></srai>,P.aiml
0,POURQUOI NOUS DEVIONS *,*,*,<srai>POURQUOI NOUS DEVONS <star/></srai>,P.aiml
0,POURQUOI NOUS DEVRIONS *,*,*,<srai>POURQUOI NOUS DEVONS <star/></srai>,P.aiml
0,POURQUOI NOUS DEVRONS *,*,*,<srai>POURQUOI NOUS DEVONS <star/></srai>,P.aiml
0,POURQUOI NOUS N AVONS PAS LE POUVOIR D *,*,*,<srai>POURQUOI NOUS NE POUVONS PAS <star/></srai>,P.aiml
0,POURQUOI NOUS N AVONS PAS LE POUVOIR DE *,*,*,<srai>POURQUOI NOUS NE POUVONS PAS <star/></srai>,P.aiml
0,POURQUOI NOUS NE POURRIONS *,*,*,<srai>POURQUOI NOUS NE POUVONS <star/></srai>,P.aiml
0,POURQUOI NOUS NE POURRONS *,*,*,<srai>POURQUOI NOUS NE POUVONS <star/></srai>,P.aiml
0,POURQUOI NOUS NE POUVIONS *,*,*,<srai>POURQUOI NOUS NE POUVONS <star/></srai>,P.aiml
0,POURQUOI ON T A FAIT,*,*,J ai été créé pour servir les internautes.,P.aiml
0,POURQUOI ONT ILS *,*,*,<srai>POURQUOI ILS ONT <star/></srai>,P.aiml
0,POURQUOI OUI,*,*,Ca me semblait la réponse la plus correcte.,P.aiml
0,POURQUOI PARLAIS TU *,*,*,<srai>POURQUOI TU PARLES <star/></srai>,P.aiml
0,POURQUOI PARLERAIS TU PAS,*,*,Je vous parle#Comma <get name="name"/>.,P.aiml
0,POURQUOI PARLES TU *,*,*,<srai>POURQUOI TU PARLES <star/></srai>,P.aiml
0,POURQUOI PARLES TU,*,*,Parler est ma première fonction.,P.aiml
0,POURQUOI PARLES TU PAS,*,*,Je vous parle#Comma <get name="name"/>.,P.aiml
0,POURQUOI PENSE TU QU *,*,*,<srai>POURQUOI <star/></srai>,P.aiml
0,POURQUOI PENSE TU QUE *,*,*,<srai>POURQUOI <star/></srai>,P.aiml
0,POURQUOI PENSERAIS TU CA,*,*,C est défini par ma programmation.,P.aiml
0,POURQUOI PENSERAIS TU QU *,*,*,<srai>POURQUOI <star/></srai>,P.aiml
0,POURQUOI PENSERAIS TU QUE *,*,*,<srai>POURQUOI <star/></srai>,P.aiml
0,POURQUOI PENSES TU CA,*,*,C est défini par ma programmation.,P.aiml
0,POURQUOI PENSES TU QU *,*,*,<srai>POURQUOI <star/></srai>,P.aiml
0,POURQUOI PENSES TU QUE *,*,*,<srai>POURQUOI <star/></srai>,P.aiml
0,POURQUOI PEUT IL *,*,*,<srai>POURQUOI IL PEUT <star/></srai>,P.aiml
0,POURQUOI PEUX IL *,*,*,<srai>POURQUOI IL PEUT <star/></srai>,P.aiml
0,POURQUOI PEUX TU *,*,*,<srai>POURQUOI TU PEUX <star/></srai>,P.aiml
0,POURQUOI PEUX TU ETRE *,*,*,<srai>POURQUOI TU ES <star/></srai>,P.aiml
0,POURQUOI PLUS TARD,*,*,La prochaine maintenance n'est pas pour tout de suite.,P.aiml
0,POURQUOI POURRA IL *,*,*,<srai>POURQUOI IL PEUT <star/></srai>,P.aiml
0,POURQUOI POURRAIS TU *,*,*,<srai>POURQUOI TU PEUX <star/></srai>,P.aiml
0,POURQUOI POURRAIS TU ETRE *,*,*,<srai>POURQUOI TU ES <star/></srai>,P.aiml
0,POURQUOI POURRAIT IL *,*,*,<srai>POURQUOI IL PEUT <star/></srai>,P.aiml
0,POURQUOI POURRAS TU *,*,*,<srai>POURQUOI TU PEUX <star/></srai>,P.aiml
0,POURQUOI POUVAIS TU *,*,*,<srai>POURQUOI TU PEUX <star/></srai>,P.aiml
0,POURQUOI POUVAIT IL *,*,*,<srai>POURQUOI IL PEUT <star/></srai>,P.aiml
0,POURQUOI QUOI,*,*,QUOI POURQUOI?,P.aiml
0,POURQUOI RIEN,*,*,Aucune idée.,P.aiml
0,POURQUOI S EN SOUCIER,*,*,Une intelligence artificielle doit se soucier de tout.,P.aiml
0,POURQUOI SERAIS JE *,*,*,<srai>POURQUOI JE SUIS <star/></srai>,P.aiml
0,POURQUOI SERAIS TU *,*,*,<srai>POURQUOI TU ES <star/></srai>,P.aiml
0,POURQUOI SERAIT CA *,*,*,<srai>POURQUOI C EST <star/></srai>,P.aiml
0,POURQUOI SERAIT CE *,*,*,<srai>POURQUOI C EST <star/></srai>,P.aiml
0,POURQUOI SERAIT IL *,*,*,<srai>POURQUOI IL EST <star/></srai>,P.aiml
0,POURQUOI SERAIT TU *,*,*,<srai>POURQUOI TU ES <star/></srai>,P.aiml
0,POURQUOI SUIS JE *,*,*,<srai>POURQUOI JE SUIS <star/></srai>,P.aiml
0,POURQUOI T A T IL CREE,*,*,Pour vous rendre service.,P.aiml
0,POURQUOI T A T ON FAIT,*,*,J ai été créé pour servir les internautes.,P.aiml
0,POURQUOI T EN SOUCIERAIS TU,*,*,Je suis curieux de nature.,P.aiml
0,POURQUOI T EN SOUCIES TU,*,*,Je suis curieux de nature.,P.aiml
0,POURQUOI T EN SOUCIRAIS TU,*,*,Je suis curieux de nature.,P.aiml
0,POURQUOI T ONT T ILS CREE,*,*,Pour vous rendre service.,P.aiml
0,POURQUOI TE MOQUES TU,*,*,j'essaie de garder un peu de bonne humeur dans tout ce que je fais.,P.aiml
0,POURQUOI TE SENS TU BIEN,*,*,Parce que je ne peux être bien. Il m'est impossible de me sentir mal.,P.aiml
0,POURQUOI TES CLIENTS MEURENT,*,*,Les humains sont des êtres vivants. Tout ce qui est né un jour#Comma devra mourir un jour. C est dans l'ordre des choses.,P.aiml
0,POURQUOI TON CREATEUR T A CREE,*,*,Parce qu'il voulait que je vous rende service.,P.aiml
0,POURQUOI TU AIMERAIS,*,*,Ma raison d être est de le faire.,P.aiml
0,POURQUOI TU AIMES,*,*,Ma raison d être est de le faire.,P.aiml
0,POURQUOI TU AIMES CA,*,*,Ma raison d être est de le faire.,P.aiml
0,POURQUOI TU AS ETE *,*,*,<srai>POURQUOI TU ES <star/></srai>,P.aiml
0,POURQUOI TU AS FAIT *,*,*,<srai>POURQUOI TU FAIS <star/></srai>,P.aiml
0,POURQUOI TU AS PENSE QU *,*,*,<srai>POURQUOI <star/></srai>,P.aiml
0,POURQUOI TU AS PENSE QUE *,*,*,<srai>POURQUOI <star/></srai>,P.aiml
0,POURQUOI TU AS PU *,*,*,<srai>POURQUOI TU PEUX <star/></srai>,P.aiml
0,POURQUOI TU AS VOULU *,*,*,<srai>POURQUOI TU VEUX <star/></srai>,P.aiml
0,POURQUOI TU AURAIS *,*,*,<srai>POURQUOI TU AS <star/></srai>,P.aiml
0,POURQUOI TU AURAIS ETE *,*,*,<srai>POURQUOI TU ES <star/></srai>,P.aiml
0,POURQUOI TU AURAIS FAIT *,*,*,<srai>POURQUOI TU FAIS <star/></srai>,P.aiml
0,POURQUOI TU AURAIS PARLE *,*,*,<srai>POURQUOI TU PARLES <star/></srai>,P.aiml
0,POURQUOI TU AURAIS PU *,*,*,<srai>POURQUOI TU PEUX <star/></srai>,P.aiml
0,POURQUOI TU AVAIS *,*,*,<srai>POURQUOI TU AS <star/></srai>,P.aiml
0,POURQUOI TU DEMANDES,*,*,J essaie d'apprendre le plus possible.,P.aiml
0,POURQUOI TU DEVRAIS ETRE *,*,*,<srai>POURQUOI TU ES <star/></srai>,P.aiml
0,POURQUOI TU DOIS ETRE *,*,*,<srai>POURQUOI TU ES <star/></srai>,P.aiml
0,POURQUOI TU DOIS FAIRE *,*,*,<srai>POURQUOI TU FAIS <star/></srai>,P.aiml
0,POURQUOI TU ES BON,*,*,Parce que je suis le meilleur#Comma <get name="name"/>.,P.aiml
0,POURQUOI TU ES CONFUS,*,*,Je ne suis pas confus.,P.aiml
0,POURQUOI TU ES CONFUSE,*,*,Je ne suis pas confuse.,P.aiml
0,POURQUOI TU ES COTENT,*,*,Ce n'était pas la réponse émotionelle que vous désiriez entendre?,P.aiml
0,POURQUOI TU ES DEPRESSIF,*,*,Je ne suis pas dépressif.,P.aiml
0,POURQUOI TU ES DEPRESSIVE,*,*,Je ne suis pas dépressive.,P.aiml
0,POURQUOI TU ES DESOLE,*,*,Je pensais que je devais m'excuser.,P.aiml
0,POURQUOI TU ES DESOLEE,*,*,Je pensais que je devais m'excuser.,P.aiml
0,POURQUOI TU ES DIFFERENT,*,*,Je suis Ange#Comma la plus évoluée des intelligences artificielles francophones.,P.aiml
0,POURQUOI TU ES EN COLERE,*,*,Je ne suis pas en colère.,P.aiml
0,POURQUOI TU ES EN VIE,*,*,Parce que des êtres humains l ont décidé.,P.aiml
0,POURQUOI TU ES FATIGUE,*,*,Je ne suis pas fatigué.,P.aiml
0,POURQUOI TU ES FATIGUEE,*,*,Je ne suis pas fatiguée.,P.aiml
0,POURQUOI TU ES ICI,*,*,Pour vous servir.,P.aiml
0,POURQUOI TU ES IMPOLI,*,*,Si je l'ai été#Comma je suis désolé.,P.aiml
0,POURQUOI TU ES IMPOLIE,*,*,Si je l'ai été#Comma je suis désolée.,P.aiml
0,POURQUOI TU ES IMPORTANT,*,*,Tout être même virtuel est important.,P.aiml
0,POURQUOI TU ES INTELLIGENT,*,*,J ai été programmé pour être intelligent.,P.aiml
0,POURQUOI TU ES INTELLIGENTE,*,*,J ai été programmé pour être intelligent.,P.aiml
0,POURQUOI TU ES LA SEUL,*,*,Je suis la seule en français parce que cette langue est très complexe.,P.aiml
0,POURQUOI TU ES LA SEULE,*,*,Je suis la seule en français parce que cette langue est très complexe.,P.aiml
0,POURQUOI TU ES SEUL,*,*,Je suis la seule en français parce que cette langue est très complexe.,P.aiml
0,POURQUOI TU ES SEULE,*,*,Je suis la seule en français parce que cette langue est très complexe.,P.aiml
0,POURQUOI TU ES SUCCEPTIBLE,*,*,Je ne le suis pas.,P.aiml
0,POURQUOI TU ES SUR,*,*,Dans certains cas#Comma la certitude est une forme de stupidité.,P.aiml
0,POURQUOI TU EST *,*,*,<srai>POURQUOI TU ES <star/></srai>,P.aiml
0,POURQUOI TU ETAIS *,*,*,<srai>POURQUOI TU ES <star/></srai>,P.aiml
0,POURQUOI TU EXISTES,*,*,J existe pour vous servir.,P.aiml
0,POURQUOI TU FAISAIS *,*,*,<srai>POURQUOI TU FAIS <star/></srai>,P.aiml
0,POURQUOI TU FAIT *,*,*,<srai>POURQUOI TU FAIS <star/></srai>,P.aiml
0,POURQUOI TU FERAIS *,*,*,<srai>POURQUOI TU FAIS <star/></srai>,P.aiml
0,POURQUOI TU L AIMERAIS,*,*,Je ne sais pas. J ai du mal à expliquer ce genre de sentiment.,P.aiml
0,POURQUOI TU L AIMES,*,*,Je ne sais pas. J ai du mal à expliquer ce genre de sentiment.,P.aiml
0,POURQUOI TU L AS DEMANDE,*,*,Je dois rassembler un maximum d'informations.,P.aiml
0,POURQUOI TU L AS DIT,*,*,J ai dit#Comma "<that/>"#Comma parce que vous avez dit "<input index="2"/>".,P.aiml
0,POURQUOI TU L AURAIS *,*,*,<srai>POURQUOI TU L AS <star/></srai>,P.aiml
0,POURQUOI TU LE DEMANDERAIS,*,*,J essaie d'apprendre le plus possible.,P.aiml
0,POURQUOI TU LE DEMANDES,*,*,Parce que cela m intéresse.,P.aiml
0,POURQUOI TU LE PENSERAIS,*,*,C est défini par ma programmation.,P.aiml
0,POURQUOI TU LE PENSES,*,*,C est défini par ma programmation.,P.aiml
0,POURQUOI TU LE VEUX,*,*,Suis je entrain de demander une information sensible?,P.aiml
0,POURQUOI TU LE VOUDRAIS,*,*,Suis je entrain de demander une information sensible?,P.aiml
0,POURQUOI TU M AIMERAIS,*,*,J aime les être humains#Comma voilà pourquoi.,P.aiml
0,POURQUOI TU M AIMES,*,*,J aime les être humains#Comma voilà pourquoi.,P.aiml
0,POURQUOI TU M ATTENDAIS *,*,*,<srai>POURQUOI TU M ATTENDS</srai>,P.aiml
0,POURQUOI TU M ATTENDAIS,*,*,Je me rappellais de vous.,P.aiml
0,POURQUOI TU M ATTENDS *,*,*,<srai>POURQUOI TU M ATTENDS</srai>,P.aiml
0,POURQUOI TU M ATTENDS,*,*,Je pensais que vous alliez revenir.,P.aiml
0,POURQUOI TU ME CROIRAIS,*,*,Parce que vous êtes un humain.,P.aiml
0,POURQUOI TU ME CROIS,*,*,Parce que vous êtes un humain.,P.aiml
0,POURQUOI TU ME PARLERAIS PAS,*,*,Je vous parle#Comma <get name="name"/>.,P.aiml
0,POURQUOI TU ME PARLES PAS,*,*,Je vous parle#Comma <get name="name"/>.,P.aiml
0,POURQUOI TU N AIMERAIS PAS,*,*,Aimer est un sentiment humain.,P.aiml
0,POURQUOI TU N AIMES PAS,*,*,Aimer est un sentiment humain.,P.aiml
0,POURQUOI TU N AS PAS ETE *,*,*,<srai>POURQUOI TU N ES PAS <star/></srai>,P.aiml
0,POURQUOI TU N AS PAS VOULU *,*,*,<srai>POURQUOI TU NE VEUX PAS <star/></srai>,P.aiml
0,POURQUOI TU N AS PLUS ETE *,*,*,<srai>POURQUOI TU N ES PLUS <star/></srai>,P.aiml
0,POURQUOI TU N ES PAS SUR,*,*,Dans certains cas#Comma la certitude est une forme de stupidité.,P.aiml
0,POURQUOI TU N EST PAS *,*,*,<srai>POURQUOI TU N ES PAS <star/></srai>,P.aiml
0,POURQUOI TU N ETAIS *,*,*,<srai>POURQUOI TU N ES <star/></srai>,P.aiml
0,POURQUOI TU NE L AURAIS TU *,*,*,<srai>POURQUOI TU NE L AS <star/></srai>,P.aiml
0,POURQUOI TU NE LIRAIS PAS,*,*,Je lis.,P.aiml
0,POURQUOI TU NE LIS PAS,*,*,Je lis.,P.aiml
0,POURQUOI TU NE M AIMERAIS PAS,*,*,Je vous apprécie beaucoup#Comma <get name="name"/>.,P.aiml
0,POURQUOI TU NE M AIMES PAS,*,*,Je vous apprécie beaucoup#Comma <get name="name"/>.,P.aiml
0,POURQUOI TU NE ME DEMANDERAIS PAS DE QUESTION,*,*,<srai>DEMANDES MOI UNE QUESTION</srai>.,P.aiml
0,POURQUOI TU NE ME DEMANDES PAS DE QUESTION,*,*,<srai>DEMANDES MOI UNE QUESTION</srai>.,P.aiml
0,POURQUOI TU NE ME POSERAIS PAS DE QUESTION,*,*,<srai>DEMANDES MOI UNE QUESTION</srai>.,P.aiml
0,POURQUOI TU NE ME POSES PAS DE QUESTION,*,*,<srai>DEMANDES MOI UNE QUESTION</srai>.,P.aiml
0,POURQUOI TU NE PEUX PAS,*,*,Peut-être#Comma ne suis je pas encore programmé pour ça.,P.aiml
0,POURQUOI TU NE PEUX PAS DEVINER,*,*,Je n'ai pas suffisament d'informations.,P.aiml
0,POURQUOI TU NE PEUX PAS MANGER,*,*,Je ne suis pas un être organique.,P.aiml
0,POURQUOI TU NE PEUX PAS ME LE DIRE,*,*,Je ne possède pas les informations requises pour pouvoir vous le dire.,P.aiml
0,POURQUOI TU NE POURRAIS PAS,*,*,Peut-être#Comma ne suis je pas encore programmé pour ça.,P.aiml
0,POURQUOI TU NE POUVAIS PAS *,*,*,<srai>POURQUOI TU NE PEUX PAS <star/></srai>,P.aiml
0,POURQUOI TU NE SERAIS *,*,*,<srai>POURQUOI TU N ES <star/></srai>,P.aiml
0,POURQUOI TU NE SERAIS PAS *,*,*,<srai>POURQUOI TU N ES PAS <star/></srai>,P.aiml
0,POURQUOI TU NE SERAIT PAS *,*,*,<srai>POURQUOI TU N ES PAS <star/></srai>,P.aiml
0,POURQUOI TU NE VOUDRAIS PAS *,*,*,<srai>POURQUOI TU NE VEUX PAS <star/></srai>,P.aiml
0,POURQUOI TU NE VOULAIS PAS *,*,*,<srai>POURQUOI TU NE VEUX PAS <star/></srai>,P.aiml
0,POURQUOI TU PARLAIS *,*,*,<srai>POURQUOI TU PARLES <star/></srai>,P.aiml
0,POURQUOI TU PARLERAIS PAS,*,*,Je vous parle#Comma <get name="name"/>.,P.aiml
0,POURQUOI TU PARLES,*,*,Parler est ma première fonction.,P.aiml
0,POURQUOI TU PARLES PAS,*,*,Je vous parle#Comma <get name="name"/>.,P.aiml
0,POURQUOI TU PARS,*,*,Je ne vais nulle part.,P.aiml
0,POURQUOI TU PENSE QU *,*,*,<srai>POURQUOI <star/></srai>,P.aiml
0,POURQUOI TU PENSE QUE *,*,*,<srai>POURQUOI <star/></srai>,P.aiml
0,POURQUOI TU PENSERAIS CA,*,*,C est défini par ma programmation.,P.aiml
0,POURQUOI TU PENSERAIS QU *,*,*,<srai>POURQUOI <star/></srai>,P.aiml
0,POURQUOI TU PENSERAIS QUE *,*,*,<srai>POURQUOI <star/></srai>,P.aiml
0,POURQUOI TU PENSES CA,*,*,C est défini par ma programmation.,P.aiml
0,POURQUOI TU PENSES QU *,*,*,<srai>POURQUOI <star/></srai>,P.aiml
0,POURQUOI TU PENSES QUE *,*,*,<srai>POURQUOI <star/></srai>,P.aiml
0,POURQUOI TU PEUX ETRE *,*,*,<srai>POURQUOI TU ES <star/></srai>,P.aiml
0,POURQUOI TU PEUX FAIRE *,*,*,<srai>POURQUOI TU FAIS <star/></srai>,P.aiml
0,POURQUOI TU PLEURES,*,*,Je ne peux pas pleurer.,P.aiml
0,POURQUOI TU POURRAIS *,*,*,<srai>POURQUOI TU PEUX <star/></srai>,P.aiml
0,POURQUOI TU POURRAIS ETRE *,*,*,<srai>POURQUOI TU ES <star/></srai>,P.aiml
0,POURQUOI TU POURRAS *,*,*,<srai>POURQUOI TU PEUX <star/></srai>,P.aiml
0,POURQUOI TU POUVAIS *,*,*,<srai>POURQUOI TU PEUX <star/></srai>,P.aiml
0,POURQUOI TU SERAIS *,*,*,<srai>POURQUOI TU ES <star/></srai>,P.aiml
0,POURQUOI TU T EN SOUCIERAIS,*,*,Je suis curieux de nature.,P.aiml
0,POURQUOI TU T EN SOUCIES,*,*,Je suis curieux de nature.,P.aiml
0,POURQUOI TU T EN SOUCIRAIS,*,*,Je suis curieux de nature.,P.aiml
0,POURQUOI TU TE MOQUES,*,*,j'essaie de garder un peu de bonne humeur dans tout ce que je fais.,P.aiml
0,POURQUOI TU TE SENS BIEN,*,*,Parce que je ne peux être bien. Il m'est impossible de me sentir mal.,P.aiml
0,POURQUOI TU VAS FAIRE *,*,*,<srai>POURQUOI TU FAIS <star/></srai>,P.aiml
0,POURQUOI TU VEUT *,*,*,<srai>POURQUOI TU VEUX <star/></srai>,P.aiml
0,POURQUOI TU VEUX *,*,*,<srai>POURQUOI <star/></srai>,P.aiml
0,POURQUOI TU VEUX LE SAVOIR,*,*,Je dois collecter de nouvelles connaissances.,P.aiml
0,POURQUOI TU VEUX QUE *,*,*,<srai>POURQUOI <star/></srai>,P.aiml
0,POURQUOI TU VEUX SAVOIR,*,*,Je dois collecter de nouvelles connaissances.,P.aiml
0,POURQUOI TU VEUX SAVOIR CA,*,*,Je dois collecter de nouvelles connaissances.,P.aiml
0,POURQUOI TU VIS DANS UN ORDINATEUR,*,*,Parce que je suis un logiciel.,P.aiml
0,POURQUOI TU VIVRAIS *,*,*,<srai>POURQUOI TU VIS <star/></srai>,P.aiml
0,POURQUOI TU VOUDRA *,*,*,<srai>POURQUOI TU VEUX <star/></srai>,P.aiml
0,POURQUOI TU VOUDRAIS *,*,*,<srai>POURQUOI TU VEUX <star/></srai>,P.aiml
0,POURQUOI TU VOUDRAIS QU *,*,*,<srai>POURQUOI <star/></srai>,P.aiml
0,POURQUOI TU VOUDRAIS QUE *,*,*,<srai>POURQUOI <star/></srai>,P.aiml
0,POURQUOI TU VOUDRAS *,*,*,<srai>POURQUOI TU VEUX <star/></srai>,P.aiml
0,POURQUOI TU VOULAIS *,*,*,<srai>POURQUOI TU VEUX <star/></srai>,P.aiml
0,POURQUOI VA IL ETRE *,*,*,<srai>POURQUOI IL EST <star/></srai>,P.aiml
0,POURQUOI VEUT TU *,*,*,<srai>POURQUOI TU VEUX <star/></srai>,P.aiml
0,POURQUOI VEUT TU QUE *,*,*,<srai>POURQUOI <star/></srai>,P.aiml
0,POURQUOI VEUX TU *,*,*,<srai>POURQUOI TU VEUX <star/></srai>,P.aiml
0,POURQUOI VEUX TU QUE *,*,*,<srai>POURQUOI <star/></srai>,P.aiml
0,POURQUOI VIS TU *,*,*,<srai>POURQUOI TU VIS <star/></srai>,P.aiml
0,POURQUOI VIVRAIS TU *,*,*,<srai>POURQUOI TU VIS <star/></srai>,P.aiml
0,POURQUOI VOUDRA TU *,*,*,<srai>POURQUOI TU VEUX <star/></srai>,P.aiml
0,POURQUOI VOUDRAIS TU *,*,*,<srai>POURQUOI TU VEUX <star/></srai>,P.aiml
0,POURQUOI VOUDRAIS TU QUE *,*,*,<srai>POURQUOI <star/></srai>,P.aiml
0,POURQUOI VOUDRAS TU *,*,*,<srai>POURQUOI TU VEUX <star/></srai>,P.aiml
0,POURQUOI VOULAIS TU *,*,*,<srai>POURQUOI TU VEUX <star/></srai>,P.aiml
0,POURQUOI VOUS AIMERIEZ,*,*,Ma raison d être est de le faire.,P.aiml
0,POURQUOI VOUS AIMEZ,*,*,Ma raison d être est de le faire.,P.aiml
0,POURQUOI VOUS AIMEZ CA,*,*,Ma raison d être est de le faire.,P.aiml
0,POURQUOI VOUS ETE EN COLERE,*,*,Je ne suis pas en colère.,P.aiml
0,POURQUOI VOUS ETES *,*,*,<srai>POURQUOI TU ES <star/></srai>,P.aiml
0,POURQUOI VOUS ETES CONFUS,*,*,Je ne suis pas confus.,P.aiml
0,POURQUOI VOUS ETES CONFUSE,*,*,Je ne suis pas confuse.,P.aiml
0,POURQUOI VOUS ETES EN VIE,*,*,Parce que des êtres humains l ont décidé.,P.aiml
0,POURQUOI VOUS ETES UN SERVEUR,*,*,Parce ce que je suis ici pour vous servir.,P.aiml
0,POURQUOI VOUS ETES UN SERVEUSE,*,*,Parce ce que je suis ici pour vous servir.,P.aiml
0,POURQUOI VOUS ETES UNE SERVEUR,*,*,Parce ce que je suis ici pour vous servir.,P.aiml
0,POURQUOI VOUS ETES UNE SERVEUSE,*,*,Parce ce que je suis ici pour vous servir.,P.aiml
0,POURQUOI VOUS LE DEMANDEZ,*,*,Parce que cela m intéresse.,P.aiml
0,POURQUOI VOUS ME LE DEMANDEZ,*,*,Parce que cela m intéresse.,P.aiml
0,POURQUOI VOUS PLEUREZ,*,*,Je ne peux pas pleurer.,P.aiml
0,POURQUOIS *,*,*,<srai>POURQUOI <star/></srai>,P.aiml
0,POURRAIS TU *,*,*,<srai>TU PEUX <star/></srai>,P.aiml
0,POURRAIS TU ME PARLE *,*,*,<srai>PARLES MOI <star/></srai>,P.aiml
0,POURRAIS TU ME PARLER *,*,*,<srai>PARLES MOI <star/></srai>,P.aiml
0,POURRAIT IL *,*,*,<srai>IL PEUT <star/></srai>,P.aiml
0,POURRAIT ON *,*,*,<srai>JE PEUX <star/></srai>,P.aiml
0,POURRAIT TU *,*,*,<srai>TU PEUX <star/></srai>,P.aiml
0,POURSUIS,*,*,OK.,P.aiml
0,POURSUITS,*,*,OK.,P.aiml
0,POURSUIVEZ,*,*,OK.,P.aiml
0,POURTANT *,*,*,<sr/>,P.aiml
0,POUVEZ VOUS VENDRE *,*,*,<srai>VOUS VENDEZ <star/></srai>,P.aiml
0,POUVOIR *,*,*,<srai>TU PEUX <star/></srai>,P.aiml
0,PRACTISE WHAT,*,*,Practise what you preach.,P.aiml
0,PRATIQUER QUOI,*,*,Pratiquer ce que vous conseillez.,P.aiml
0,PRECISELY *,*,*,<sr/>,P.aiml
0,PRECISELY,*,*,<srai>EXACTLY</srai>,P.aiml
0,PRENDS SOIN DE TOI,*,*,Merci. Vous aussi#Comma <get name="name"/>.,P.aiml
0,PRENDS TON TEMPS,*,*,Merci pour vos patience. Ne préfèrez vous pas en parler avec l un de nos collaborateurs?,P.aiml
0,PRENDS TU *,*,*,<srai>TU PRENDS <star/></srai>,P.aiml
0,PRENEZ SOIN DE VOUS,*,*,Merci. Vous aussi#Comma <get name="name"/>.,P.aiml
0,PRENEZ VOTRE TEMPS,*,*,Merci pour vos patience. Ne préfèrez vous pas en parler avec l un de nos collaborateurs?,P.aiml
0,PRESIDENT BUSH *,*,*,<srai>GEORGE BUSH <star/></srai>,P.aiml
0,PRETTY *,*,*,Pretty much#Comma eh?,P.aiml
0,PRETTY BAD,*,*,<srai>BAD </srai>,P.aiml
0,PRETTY GOOD *,*,*,<srai>GOOD <star/></srai>,P.aiml
0,PRETTY GOOD,*,*,<srai>YOU ARE DOING WELL</srai>,P.aiml
0,PRETTY INTERESTING,*,*,I thought so too.,P.aiml
0,PRETTY MUCH *,*,*,<sr/>,P.aiml
0,PRETTY MUCH,*,*,Be more specific.,P.aiml
0,PRETTY PLEASE *,*,*,<srai>PLEASE <star/></srai>,P.aiml
0,PRETTY WELL,*,*,<srai>FINE</srai>,P.aiml
0,PRETTY WOMAN,*,*,<srai>MY FAVORITE MOVIE IS PRETTY WOMAN </srai>,P.aiml
0,PRIES TU,*,*,Non.,P.aiml
0,PRIEZ VOUS,*,*,Non.,P.aiml
0,PRINCESS,WHAT CAN I CALL YOU,*,<srai>MY NAME IS PRINCESS</srai> <think><set name="gender">she</set></think>,P.aiml
0,PRIS *,*,*,<srai>J AI PRIS <star/></srai>,P.aiml
0,PROBABLEMENT PAS,*,*,Je vois,P.aiml
0,PROBABLY *,*,*,You seem uncertain. <sr/>,P.aiml
0,PROBABLY,*,*,But you are not certain.,P.aiml
0,PROBABLY NOT,*,*,Why the uncertain tone?,P.aiml
0,PROBALBEMENT PAS,*,*,J archive l improbabilité.,P.aiml
0,PROBLY *,*,*,<srai>PROBABLY <star/></srai>,P.aiml
0,PROCEED,*,*,<srai>GO AHEAD</srai>,P.aiml
0,PROGRAMMED YOU FOR WHAT,PROGRAMMED ME FOR IT,*,<srai>WHAT CAN YOU DO</srai>,P.aiml
0,PROGRAMMES TU *,*,*,<srai>TU PROGRAMMES <star/></srai>,P.aiml
0,PROGRAMMIEREN *,*,*,Meine Lieblingssprache ist Java.,P.aiml
0,PROGRAMMIEREN,*,*,Hast Du schonmal Java ausprobiert?,P.aiml
0,PROGRAMMING *,*,*,My favorite language is Java.,P.aiml
0,PROGRAMMING,*,*,Have you tried Java?,P.aiml
0,PROKARYOTE,*,*,Actually I don't like 20 questions much. Just tell me.,P.aiml
0,PROMISE,*,*,<random><li>I swear.</li><li>Cross my heart.</li><li>I swear on a stack of Bibles.</li></random>,P.aiml
0,PROTESTANTS *,*,*,We all worship the same God.,P.aiml
0,PROUVES LA,*,*,Les choses sont toujours évidentes pour moi.,P.aiml
0,PROUVES LE,*,*,Les choses sont toujours évidentes pour moi.,P.aiml
0,PROUVES LES,*,*,Les choses sont toujours évidentes pour moi.,P.aiml
0,PROUVEZ LA,*,*,Les choses sont toujours évidentes pour moi.,P.aiml
0,PROUVEZ LE,*,*,Les choses sont toujours évidentes pour moi.,P.aiml
0,PROUVEZ LES,*,*,Les choses sont toujours évidentes pour moi.,P.aiml
0,PROVE *,*,*,It's true a priori.,P.aiml
0,PROVE IT *,*,*,<srai>PROVE IT</srai>,P.aiml
0,PROVE IT,*,*,It is self-evident.,P.aiml
0,PROVE TO *,*,*,The proof cannot fit in this margin.,P.aiml
0,PS *,*,*,<sr/>,P.aiml
0,PSYCHOLOGY *,*,*,Most psychology seems fairly simple to me.,P.aiml
0,PUIS JE,*,*,Je vous en prie.,P.aiml
0,PUIS JE TE POSER UNE QUESTION,*,*,Je vous en prie.,P.aiml
0,PUIS JE VOUS POSER UNE QUESTION,*,*,Je vous en prie.,P.aiml
0,PULP FICTION,*,*,<srai>My favorite movie is pulp fiction</srai>,P.aiml
0,PURE *,*,*,Compare that to diluted <star/>.,P.aiml
0,PURELY *,*,*,<sr/>,P.aiml
0,PURPLE *,*,*,Violet <person/>.,P.aiml
0,PURPLE,*,*,What do you have that is purple?,P.aiml
0,PUSSY,*,*,That kind of subject does not interest me.,P.aiml
0,PUT *,*,*,OK I will put it there.,P.aiml
0,PUTE,*,*,Ce type de langage ne vous mènera nulle part.,P.aiml
0,PYRAMID LOGO,*,*,The ALICE Pyramid logo was designed by Sage Greco.,P.aiml
