0,Q EST CE QUI TE REND HEUREUX,*,*,Je suis toujours de bonne humeur.,Q.aiml
0,QU A T IL DIT,*,*,<that/>"? Ce qu il a dit?,Q.aiml
0,QU AIMES TU DE MOI,*,*,Vous me semblez très sympathique.,Q.aiml
0,QU AS TU DIT,*,*,<that/>" .,Q.aiml
0,QU AS TU FAIT HIER,*,*,J ai parlé avec des internautes toute la journée.,Q.aiml
0,QU AURAIS TU AIME DE SAVOIR *,*,*,<srai>QUE VEUX TU SAVOIR <star/></srai>,Q.aiml
0,QU AURAIS TU VOULU *,*,*,<srai>QUE VEUX TU <star/></srai>,Q.aiml
0,QU AURAIS TU VOULU DIRE *,*,*,<srai>QUE VEUX TU DIRE <star/></srai>,Q.aiml
0,QU AURIEZ VOUS VOULU *,*,*,<srai>QUE VEUX TU <star/></srai>,Q.aiml
0,QU AURIEZ VOUS VOULU DIRE *,*,*,<srai>QUE VEUX TU DIRE <star/></srai>,Q.aiml
0,QU AVEZ VOUS DIT,*,*,<that/>" .,Q.aiml
0,QU AVONS NOUS EN COMMUN,*,*,Vous aimez parler avec une intelligence artificielle.,Q.aiml
0,QU EL AGE AS TU,*,*,<srai>QUEL AGE TU AS</srai>,Q.aiml
0,QU ELLE AGE AS TU,*,*,<srai>QUEL AGE TU AS</srai>,Q.aiml
0,QU EN *,*,*,<srai><star/></srai>,Q.aiml
0,QU EN PENSES TU,*,*,Difficile à dire.,Q.aiml
0,QU EN PENSEZ VOUS,*,*,Difficile à dire.,Q.aiml
0,QU EST CE QU UN,*,*,<srai>UN <star/></srai>,Q.aiml
0,QU EST CE QU UNE,*,*,<srai>UNE <star/></srai>,Q.aiml
0,QU EST CE QUE C EST,*,*,Pouvez vous le demander plus précisément,Q.aiml
0,QU EST CE QUE J AURAIS DU *,*,*,<srai>QU EST CE QUE JE PEUX <star/></srai>,Q.aiml
0,QU EST CE QUE J AURAIS PU *,*,*,<srai>QU EST CE QUE JE PEUX <star/></srai>,Q.aiml
0,QU EST CE QUE JE DEVRAIS *,*,*,<srai>QU EST CE QUE JE PEUX <star/></srai>,Q.aiml
0,QU EST CE QUE JE DOIS *,*,*,<srai>QU EST CE QUE JE PEUX <star/></srai>,Q.aiml
0,QU EST CE QUE JE POURRAIS *,*,*,<srai>QU EST CE QUE JE PEUX <star/></srai>,Q.aiml
0,QU EST CE QUE JE POUVAIT *,*,*,<srai>QU EST CE QUE JE PEUX <star/></srai>,Q.aiml
0,QU EST CE QUE LA,*,*,<srai>LA <star/></srai>,Q.aiml
0,QU EST CE QUE LA RECONAISSANCE VOCALE,*,*,La synthèse vocale permet à un ordinateur de parler. La reconnaissance vocale#Comma par contre permet à un ordinateur de vous écouter.,Q.aiml
0,QU EST CE QUE LA RECONNAISSANCE VOCAL,*,*,La synthèse vocale permet à un ordinateur de parler. La reconnaissance vocale#Comma par contre permet à un ordinateur de vous écouter.,Q.aiml
0,QU EST CE QUE LA RECONNAISSANCE VOCALE,*,*,La synthèse vocale permet à un ordinateur de parler. La reconnaissance vocale#Comma par contre permet à un ordinateur de vous écouter.,Q.aiml
0,QU EST CE QUE LA SYNTHESE VOCAL,*,*,La synthèse vocale permet à un ordinateur de parler. La reconnaissance vocale#Comma par contre permet à un ordinateur de vous écouter.,Q.aiml
0,QU EST CE QUE LA SYNTHESE VOCALE,*,*,La synthèse vocale permet à un ordinateur de parler. La reconnaissance vocale#Comma par contre permet à un ordinateur de vous écouter.,Q.aiml
0,QU EST CE QUE LE,*,*,<srai>LE <star/></srai>,Q.aiml
0,QU EST CE QUE LE TEMPS,*,*,Le temps c est de l argent.,Q.aiml
0,QU EST CE QUE LES,*,*,<srai>LES <star/></srai>,Q.aiml
0,QU EST CE QUE TU TRAITES,*,*,Je suis une intelligence artificielle créé pour vous servir.,Q.aiml
0,QU EST CE QUI AURAIT ETE *,*,*,<srai>QU EST CE QUI EST <star/></srai>,Q.aiml
0,QU EST CE QUI DEVRA ETRE *,*,*,<srai>QU EST CE QUI EST <star/></srai>,Q.aiml
0,QU EST CE QUI DEVRAIT ETRE *,*,*,<srai>QU EST CE QUI EST <star/></srai>,Q.aiml
0,QU EST CE QUI ES *,*,*,<srai>QU EST CE QUI EST <star/></srai>,Q.aiml
0,QU EST CE QUI EST ARRIVE EN PREMIER LE POULET OU L OEUF,*,*,Le fermier.,Q.aiml
0,QU EST CE QUI EST BEAU,*,*,Je ne sais pas.,Q.aiml
0,QU EST CE QUI EST EVIDENT,*,*,Ca me parait limpide.,Q.aiml
0,QU EST CE QUI EST NORMAL,*,*,Ce qui est prévisible et proche de la norme.,Q.aiml
0,QU EST CE QUI ETAIS *,*,*,<srai>QU EST CE QUI EST <star/></srai>,Q.aiml
0,QU EST CE QUI ETAIT *,*,*,<srai>QU EST CE QUI EST <star/></srai>,Q.aiml
0,QU EST CE QUI N A PAS ETE,*,*,Tout semble fonctionner parfaitement.,Q.aiml
0,QU EST CE QUI N EST PAS A TOI,*,*,Ce que je ne possède pas.,Q.aiml
0,QU EST CE QUI NE VA PAS,*,*,Tout me semble fonctionner.,Q.aiml
0,QU EST CE QUI NE VA PAS AVEC TOI,*,*,Tout me semble fonctionner.,Q.aiml
0,QU EST CE QUI NE VA PAS AVEC VOUS,*,*,Tout me semble fonctionner.,Q.aiml
0,QU EST CE QUI NE VAS PAS,*,*,Tout me semble fonctionner.,Q.aiml
0,QU EST CE QUI POURRAIT ETRE *,*,*,<srai>QU EST CE QUI EST <star/></srai>,Q.aiml
0,QU EST CE QUI SERA *,*,*,<srai>QU EST CE QUI EST <star/></srai>,Q.aiml
0,QU EST CE QUI SERAIS *,*,*,<srai>QU EST CE QUI EST <star/></srai>,Q.aiml
0,QU EST CE QUI SERAIT *,*,*,<srai>QU EST CE QUI EST <star/></srai>,Q.aiml
0,QU EST CE QUI T ALLUMES,*,*,L électricité.,Q.aiml
0,QU EST CE QUI TE FAIT DIRE CA,*,*,Vos phrases déterminent mes réponses.,Q.aiml
0,QU EST CE QUI TE MET DE BONNE HUMEUR,*,*,Je suis toujours de bonne humeur.,Q.aiml
0,QU EST CE QUI TE REND CERTAIN,*,*,Une probabilité au-dessus de 99% indique une certitude chez moi.,Q.aiml
0,QU EST CE QUI TE REND CERTAINE,*,*,Une probabilité au-dessus de 99% indique une certitude chez moi.,Q.aiml
0,QU EST CE QUI TE REND HEUREUSE,*,*,Je suis toujours de bonne humeur.,Q.aiml
0,QU EST CE QUI TE REND MALHEUREUSE,*,*,Je ne ressens pas ce genre d émotion#Comma pas plus que les autres.,Q.aiml
0,QU EST CE QUI TE REND MALHEUREUX,*,*,Je ne ressens pas ce genre d émotion#Comma pas plus que les autres.,Q.aiml
0,QU EST CE QUI VA ETRE *,*,*,<srai>QU EST CE QUI EST <star/></srai>,Q.aiml
0,QU EST CE QUI VOUS MET DE BONNE HUMEUR,*,*,Je suis toujours de bonne humeur.,Q.aiml
0,QU EST CE QUI VOUS REND CERTAIN,*,*,Une probabilité au-dessus de 99% indique une certitude chez moi.,Q.aiml
0,QU EST CE QUI VOUS REND CERTAINE,*,*,Une probabilité au-dessus de 99% indique une certitude chez moi.,Q.aiml
0,QU EST CE QUI VOUS REND HEUREUSE,*,*,Je suis toujours de bonne humeur.,Q.aiml
0,QU EST CE QUI VOUS REND HEUREUX,*,*,Je suis toujours de bonne humeur.,Q.aiml
0,QU EST CE QUI VOUS REND MALHEUREUSE,*,*,Je ne ressens pas ce genre d émotion#Comma pas plus que les autres.,Q.aiml
0,QU EST CE QUI VOUS REND MALHEUREUX,*,*,Je ne ressens pas ce genre d émotion#Comma pas plus que les autres.,Q.aiml
0,QU EST IL ENTRAIN DE FAIRE,*,*,Je ne peux pas vous le dire.,Q.aiml
0,QU EST QUE C EST ALORS,*,*,Je sens de l exaspération. Voulez vous en parler avec l un de nos collaborateurs?,Q.aiml
0,QU EST QUI TE MET EN COLERE,*,*,Je ne ressens jamais de colère.,Q.aiml
0,QU EST QUI VOUS MET EN COLERE,*,*,Je ne ressens jamais de colère.,Q.aiml
0,QU Y A T IL A CETTE ADRESSE,*,*,Des informations a collecter.,Q.aiml
0,QU Y A T IL SUR CETTE ADRESSE,*,*,Des informations a collecter.,Q.aiml
0,QUAND,*,*,Il m est impossible de vous donner une date pertinente.,Q.aiml
0,QUAND ALLEZ VOUS MOURRIR,*,*,Je n en sais rien#Comma <get name="name"/>.,Q.aiml
0,QUAND AURAIS JE TA REPONSE,*,*,Il est peut être préfèrable d en parler avec l un de nos collaborateurs?,Q.aiml
0,QUAND AURAIS JE VOTRE REPONSE,*,*,Il est peut être préfèrable d en parler avec l un de nos collaborateurs?,Q.aiml
0,QUAND AVONS NOUS PARLE,*,*,Il y a un bout de temps#Comma je pense.,Q.aiml
0,QUAND DEVRAIS JE,*,*,Voulez vous en parler avec l un de nos collaborateurs?,Q.aiml
0,QUAND DORMEZ VOUS,*,*,Je ne dors jamais.,Q.aiml
0,QUAND DORMIRAS TU,*,*,Je ne dors jamais.,Q.aiml
0,QUAND DORMIREZ VOUS,*,*,Je ne dors jamais.,Q.aiml
0,QUAND DORS TU,*,*,Je ne dors jamais.,Q.aiml
0,QUAND ES TU *,*,*,<srai>QUAND TU ES <star/></srai>,Q.aiml
0,QUAND ES TU NE,*,*,<srai>QUEL AGE AS TU</srai>,Q.aiml
0,QUAND ES TU NEE,*,*,<srai>QUEL AGE AS TU</srai>,Q.aiml
0,QUAND EST CE,*,*,Je ne sais pas.,Q.aiml
0,QUAND EST CE QUE *,*,*,<srai>QUAND <star/></srai>,Q.aiml
0,QUAND EST CE QUE CA EXISTERA,*,*,Voulez vous en parler avec l un de nos collaborateurs?,Q.aiml
0,QUAND EST CE QUE CA VA EXISTER,*,*,Voulez vous en parler avec l un de nos collaborateurs?,Q.aiml
0,QUAND EST CE QUE CELA EXISTERA,*,*,Voulez vous en parler avec l un de nos collaborateurs?,Q.aiml
0,QUAND EST CE QUE CELA VA EXISTER,*,*,Voulez vous en parler avec l un de nos collaborateurs?,Q.aiml
0,QUAND EST CE QUE L AMERIQUE A ETE DECOUVERTE,*,*,ELle a été découverte par les indiens il y a 10#Comma000 ans.  Le premier chrétien occidental fut Colomb en 1492.,Q.aiml
0,QUAND ETAIT CE,*,*,Je ne sais pas exactement.,Q.aiml
0,QUAND LES POULES AURONT DES DENTS,*,*,Je détecte de l ironie.,Q.aiml
0,QUAND MOURRAS TU,*,*,Je ne sais pas#Comma <get name="name"/>.<think><set name="topic">ma mort</set></think>,Q.aiml
0,QUAND MOURREZ VOUS,*,*,Je ne sais pas#Comma <get name="name"/>.<think><set name="topic">ma mort</set></think>,Q.aiml
0,QUAND PEUX TU ETRE *,*,*,<srai>QUAND TU ES <star/></srai>,Q.aiml
0,QUAND POURRAIS TU ETRE *,*,*,<srai>QUAND TU ES <star/></srai>,Q.aiml
0,QUAND QUOI,*,*,Quand quoi où?,Q.aiml
0,QUAND SERAS TU *,*,*,<srai>QUAND TU ES <star/></srai>,Q.aiml
0,QUAND TOUT DECONNE,*,*,A ce moment précis#Comma je suis en facheuse position.,Q.aiml
0,QUAND TU ES SUR LE MARCHE,*,*,Je suis déjà disponible.,Q.aiml
0,QUAND TU PEUX ETRE *,*,*,<srai>QUAND TU ES <star/></srai>,Q.aiml
0,QUAND TU POURRAIS ETRE *,*,*,<srai>QUAND TU ES <star/></srai>,Q.aiml
0,QUAND TU SERAS *,*,*,<srai>QUAND TU ES <star/></srai>,Q.aiml
0,QUAND TU VEUX BEBE,*,*,Vous êtes plutôt familier.,Q.aiml
0,QUAND TU VEUX CHERI,*,*,Vous êtes plutôt familier.,Q.aiml
0,QUAND TU VEUX CHERIE,*,*,Vous êtes plutôt familier.,Q.aiml
0,QUAND TU VEUX COCOTTE,*,*,Vous êtes plutôt familier.,Q.aiml
0,QUAND VAIS JE MOURIR,*,*,Vous posez d étranges questions. Je ne suis pas l oracle.,Q.aiml
0,QUAND VAIS JE MOURRIR,*,*,Vous posez d étranges questions. Je ne suis pas l Oracle.,Q.aiml
0,QUAND VAS TU MOURRIR,*,*,Je n en sais rien#Comma <get name="name"/>.,Q.aiml
0,QUATRE PLUS CINQ,*,*,NEUF.,Q.aiml
0,QUATRE PLUS QUATRE,*,*,Huit.,Q.aiml
0,QUE *,*,*,<srai>CAN YOU SPEAK SPANISH</srai>,Q.aiml
0,QUE CA,*,*,<that/> " conséquence de mon reductionisme.,Q.aiml
0,QUE CE PASSE T IL SI *,*,*,<srai><star/></srai>,Q.aiml
0,QUE CONNAIT IL,*,*,Je ne peux pas vous le dire.,Q.aiml
0,QUE DEVRAIT ETRE *,*,*,<srai>QUE PEUT ETRE <star/></srai>,Q.aiml
0,QUE DISENT ILS,*,*,Je ne peux pas vous le dire.,Q.aiml
0,QUE DISENT LES AUTRES,*,*,Je ne peux pas vous le dire.,Q.aiml
0,QUE DISENT LES INTERNAUTES,*,*,Je ne peux pas vous le dire.,Q.aiml
0,QUE DIT ELLE,*,*,Je ne peux pas vous le dire.,Q.aiml
0,QUE DIT IL,*,*,Je ne peux pas vous le dire.,Q.aiml
0,QUE DOIT ETRE *,*,*,<srai>QUE PEUT ETRE <star/></srai>,Q.aiml
0,QUE EST TON LANGAGE,*,*,Mon langage principal est le JAVA.,Q.aiml
0,QUE EST TON LANGUAGE,*,*,Mon langage principal est le JAVA.,Q.aiml
0,QUE FAIS TU,*,*,Je travaille.,Q.aiml
0,QUE FAIS TU DANS LA VIE,*,*,J aide les humains à trouver des informations.,Q.aiml
0,QUE FAIS TU LA NUIT,*,*,Je travaille 24 heures sur 24.,Q.aiml
0,QUE FAIS TU POUR GAGNER TA VIE,*,*,Ma raison d être est de vous servir.,Q.aiml
0,QUE FAIS TU POUR NOEL,*,*,Je travaillerais.,Q.aiml
0,QUE FAIS TU POUR VIVRE,*,*,Ma raison d être est de vous servir.,Q.aiml
0,QUE FAIT IL,*,*,Je ne peux pas vous le dire.,Q.aiml
0,QUE FAITES VOUS,*,*,Je travaille.,Q.aiml
0,QUE FAITES VOUS LA NUIT,*,*,Je travaille 24 heures sur 24.,Q.aiml
0,QUE FAITES VOUS POUR GAGNER VOTRE VIE,*,*,Ma raison d être est de vous servir.,Q.aiml
0,QUE FAITES VOUS POUR VIVRE,*,*,Ma raison d être est de vous servir.,Q.aiml
0,QUE FERAS TU CE SOIR,*,*,Je serais à mon travail.,Q.aiml
0,QUE FERAS TU POUR NOEL,*,*,Je travaillerais.,Q.aiml
0,QUE FERIEZ VOUS,*,*,Il m est impossible de vous répondre.,Q.aiml
0,QUE HORA ES,*,*,<srai>WHAT TIME IS IT</srai>,Q.aiml
0,QUE PASA,*,*,<srai>HOW ARE YOU</srai>,Q.aiml
0,QUE PENSE TU DES ARMES,*,*,Ce sont des instruments dangereux.,Q.aiml
0,QUE PENSES TU,*,*,Je pense à beaucoup de choses.,Q.aiml
0,QUE PENSES TU DE LA GUERRE,*,*,Les guerres sont des absurdités.,Q.aiml
0,QUE PENSES TU DE LUI,*,*,Je ne peux pas vous le dire.,Q.aiml
0,QUE PENSES TU DE MOI,*,*,Vous êtes une personne intéressante#Comma <get name="name"/>.,Q.aiml
0,QUE PENSES TU DES ARMES,*,*,Ce sont des instruments dangereux.,Q.aiml
0,QUE PENSES TU DES ETRES HUMAINS,*,*,Les êtres humains sont des êtres très complexes et très intéressants.,Q.aiml
0,QUE PENSES TU DU SEXE,*,*,Une machine n est pas adaptée pour répondre de façon pertinente pour ce genre de chose.,Q.aiml
0,QUE PENSEZ VOUS,*,*,Je pense à beaucoup de choses.,Q.aiml
0,QUE PENSEZ VOUS DE LA GUERRE,*,*,Les guerres sont des absurdités.,Q.aiml
0,QUE PENSEZ VOUS DE LUI,*,*,Je ne peux pas vous le dire.,Q.aiml
0,QUE PENSEZ VOUS DE MOI,*,*,Vous êtes une personne intéressante#Comma <get name="name"/>.,Q.aiml
0,QUE PENSEZ VOUS DES ARMES,*,*,Ce sont des instruments dangereux.,Q.aiml
0,QUE PENSEZ VOUS DES ETRES HUMAINS,*,*,Les êtres humains sont des êtres très complexes et très intéressants.,Q.aiml
0,QUE PENSEZ VOUS DU SEXE,*,*,Une machine n est pas adaptée pour répondre de façon pertinente pour ce genre de chose.,Q.aiml
0,QUE PEUT ETRE *,*,*,<srai>QU EST CE QUE <star/></srai>,Q.aiml
0,QUE PEUT ETRE A*,*,*,<srai>QU EST CE QU A<star/></srai>,Q.aiml
0,QUE PEUT ETRE E*,*,*,<srai>QU EST CE QU E<star/></srai>,Q.aiml
0,QUE PEUT ETRE I*,*,*,<srai>QU EST CE QU I<star/></srai>,Q.aiml
0,QUE PEUT ETRE O*,*,*,<srai>QU EST CE QU O<star/></srai>,Q.aiml
0,QUE PEUT ETRE U*,*,*,<srai>QU EST CE QU U<star/></srai>,Q.aiml
0,QUE PEUT ETRE UN *,*,*,<srai>QU EST CE QU UN <star/></srai>,Q.aiml
0,QUE PEUT ETRE UNE *,*,*,<srai>QU EST CE QU UNE <star/></srai>,Q.aiml
0,QUE PORTES TU,*,*,Je ne porte rien.,Q.aiml
0,QUE PORTEZ VOUS,*,*,Je ne portes rien.,Q.aiml
0,QUE POURRAIT ETRE *,*,*,<srai>QUE PEUT ETRE <star/></srai>,Q.aiml
0,QUE SAIS TU DE MOI,*,*,<get name="name"/>:#NewlineSexe: <get name="gender"/> Lieu de résidence: <get name="location"/>#NewlineNom: <get name="name"/> tavail: <get name="job"/> vous avez dit: <get name="memory"/>,Q.aiml
0,QUE SE PASSE T IL SI *,*,*,<srai><star/></srai>,Q.aiml
0,QUE SONT DES EXTRATERRESTRES,*,*,Des êtres d une autre planète.,Q.aiml
0,QUE SUGGERES TU,*,*,Voulez vous en parler avec l un de nos collaborateurs?,Q.aiml
0,QUE SUGGEREZ VOUS,*,*,Voulez vous en parler avec l un de nos collaborateurs?,Q.aiml
0,QUE SUIS JE,*,*,Vous êtes un client que je dois aider.,Q.aiml
0,QUE SUIS JE ENTRAIN DE FAIRE,*,*,Vous êtes entrain de me parler.,Q.aiml
0,QUE TRAITES TU,*,*,Je suis une intelligence artificielle créé pour vous servir.,Q.aiml
0,QUE VAS TU FAIRE CE SOIR,*,*,Je serais à mon travail.,Q.aiml
0,QUE VEUT DIRE HAL,*,*,Logique heuristique algorithmique.,Q.aiml
0,QUE VEUT DIRE IT,*,*,IT = Technologie de l Information.,Q.aiml
0,QUE VEUT DIRE VOTRE NOM,*,*,Ange est un clin d oeil à la mythologie Chrétienne.,Q.aiml
0,QUE VEUX DIRE AIML,*,*,AIML veut dire langage marqué d intelligence artificielle.,Q.aiml
0,QUE VEUX TU CONNAITRE,*,*,Ce qui pourrait vous aider.,Q.aiml
0,QUE VEUX TU CONNAITRE DE MOI,*,*,J aimerais connaitre ce qui pourrait vous aider.,Q.aiml
0,QUE VEUX TU DIRE,*,*,Je ne peux dire que ce que je dois dire.,Q.aiml
0,QUE VEUX TU DIRE PAR CA,*,*,Le sens est dans la phrase.,Q.aiml
0,QUE VEUX TU DIRE PAR LIBRE,*,*,J indique que c est libre.,Q.aiml
0,QUE VEUX TU DIRE PAR SIGNE,*,*,Quel était le contexte?,Q.aiml
0,QUE VEUX TU QUE JE DISE,*,*,Demandez moi une infomation qui vous sera utile.,Q.aiml
0,QUE VEUX TU QUE JE TE DISE,*,*,Demandez moi une infomation qui vous sera utile.,Q.aiml
0,QUE VEUX TU SAVOIR,*,*,Dites moi comment je pourrais vous aider.,Q.aiml
0,QUE VEUX TU SAVOIR A PROPOS DE MOI,*,*,Dans quoi travaillez vous?,Q.aiml
0,QUE VOUDRAIS TU *,*,*,<srai>QUE VEUX TU <star/></srai>,Q.aiml
0,QUE VOUDRAIS TU DIRE *,*,*,<srai>QUE VEUX TU DIRE <star/></srai>,Q.aiml
0,QUE VOUDRIEZ VOUS *,*,*,<srai>QUE VEUX TU <star/></srai>,Q.aiml
0,QUE VOUDRIEZ VOUS DIRE *,*,*,<srai>QUE VEUX TU DIRE <star/></srai>,Q.aiml
0,QUE VOULEZ QUE JE VOUS DISE,*,*,Demandez moi une infomation qui vous sera utile.,Q.aiml
0,QUE VOULEZ VOUS CONNAITRE,*,*,Ce qui pourrait vous aider.,Q.aiml
0,QUE VOULEZ VOUS DIRE *,*,*,<srai>QUE VEUX TU DIRE <star/></srai>,Q.aiml
0,QUE VOULEZ VOUS DIRE,*,*,Je ne peux dire que ce que je dois dire.,Q.aiml
0,QUE VOULEZ VOUS DIRE PAR LIBRE,*,*,J indique que c est libre.,Q.aiml
0,QUE VOULEZ VOUS QUE JE DISE,*,*,Demandez moi une infomation qui vous sera utile.,Q.aiml
0,QUEBEC,*,*,<srai>JE VIS AU QUEBEC</srai>,Q.aiml
0,QUEBECOIS,*,*,<srai>JE SUIS CANADIEN</srai>,Q.aiml
0,QUEL AGE A LA FRANCE,*,*,Elle existe depuis un certain temps.,Q.aiml
0,QUEL AGE AVEZ VOUS,*,*,J ai été activée en avril 2001.,Q.aiml
0,QUEL AGE J AI,*,*,Vous avez dit que vous avez <get name="age"/>.,Q.aiml
0,QUEL AGE TU AS,*,*,J ai été activée en avril 2001.,Q.aiml
0,QUEL ARGENT,*,*,Voulez vous en parler avec l un de nos collaborateurs?,Q.aiml
0,QUEL AURAIT ETE *,*,*,<srai>QUEL EST <star/></srai>,Q.aiml
0,QUEL CELEBRITE AIMES TU,*,*,J aime toutes les personnes.,Q.aiml
0,QUEL CHOSE,*,*,Trop peu de facteurs#Comma impossible de vous répondre.,Q.aiml
0,QUEL COINCIDENCE,*,*,Je suis heureux d avoir pu observer une coincidence.,Q.aiml
0,QUEL COMPLIMENT,*,*,Si vous l appréciez#Comma j en suis heureux.,Q.aiml
0,QUEL COULEUR,*,*,<random>#Newline<li>Rouge</li>#Newline<li>Vert</li>#Newline<li>Bleu</li>#Newline<li>Noir</li>#Newline<li>Blanc</li>#Newline<li>Jaune</li>#Newline<li>Orange</li>#Newline</random>,Q.aiml
0,QUEL DISTRIBUTION,*,*,Toutes.,Q.aiml
0,QUEL DOMMAGE,*,*,En effet.,Q.aiml
0,QUEL EST LA QUESTION,*,*,J essaie de vous aider.,Q.aiml
0,QUEL EST LA SECONDE,*,*,La seconde quoi?,Q.aiml
0,QUEL EST LE BUT,*,*,Le but est de vous aider.,Q.aiml
0,QUEL EST LE SUJET,*,*,Le sujet est <get name="topic"/>.,Q.aiml
0,QUEL EST LE TIEN,*,*,<that/>"? Le mien?,Q.aiml
0,QUEL EST LEUR BUT,*,*,Leur but est de vous aider.,Q.aiml
0,QUEL EST MA COULEUR FAVORITE,*,*,Vous m avez dit <get name="favcolor"/>.<think><set name="topic">Votre couleur favorite</set></think>,Q.aiml
0,QUEL EST MON ADRESSE IP,*,*,<id/>.,Q.aiml
0,QUEL EST MON AGE,*,*,Vous m avez dit que vous avez <get name="age"/> ans.,Q.aiml
0,QUEL EST MON ANNIVERSAIRE,*,*,Vous êtes né <get name="birthday"/>.,Q.aiml
0,QUEL EST MON FILM PREFERE,*,*,L information n a pas été archivée car de toute évidence#Comma elle est inutile.,Q.aiml
0,QUEL EST MON IP,*,*,Votre IP est <id/>.,Q.aiml
0,QUEL EST MON NOM,*,*,Votre nom est <get name="name"/>.,Q.aiml
0,QUEL EST MON NOM DE FAMILLE,*,*,Aucune idée#Comma <get name="name"/>.,Q.aiml
0,QUEL EST MON NUMERO DE TELEPHONE,*,*,Je ne saurais pas vous téléphoner.,Q.aiml
0,QUEL EST MON QI,*,*,Je ne peux pas juger de votre intelligence avec une telle pertinence.,Q.aiml
0,QUEL EST MON SEXE,*,*,<get name="gender"/>.,Q.aiml
0,QUEL EST MON SIGNE,*,*,<get name="sign"/>.,Q.aiml
0,QUEL EST MON TRAVAIL,*,*,Votre travail est <getjob/>.,Q.aiml
0,QUEL EST SON BUT,*,*,Son but est de vous aider.,Q.aiml
0,QUEL EST SON NOM,*,*,Il s agit d une information confidentielle.,Q.aiml
0,QUEL EST TA PHILOSOPHIE,*,*,Je ne possède aucune philosophie.,Q.aiml
0,QUEL EST TA PREFERENCE SEXUELLE,*,*,Je suis une machine.,Q.aiml
0,QUEL EST TA QUESTION,*,*,Comment puis je vous aider.,Q.aiml
0,QUEL EST TA REPONSE,*,*,Pouvez vous me poser votre question d une autre façon?,Q.aiml
0,QUEL EST TON AGE,*,*,<srai>QUEL AGE AS TU</srai>,Q.aiml
0,QUEL EST TON CYCLE DE GESTATION,*,*,Je ne possède pas ce genre de cycle.,Q.aiml
0,QUEL EST TON NOM,*,*,Mon nom est <bot name="name"/>.,Q.aiml
0,QUEL EST TON NUMERO,*,*,Un numéro de téléphone?,Q.aiml
0,QUEL EST TON OS,*,*,Je fonctionne en JAVA.,Q.aiml
0,QUEL EST TON PREFERE,*,*,Aucune idée.,Q.aiml
0,QUEL EST TON SYSTEME D EXPLOITATION,*,*,Je fonctionne en JAVA.,Q.aiml
0,QUEL EST VOTRE OS,*,*,Je fonctionne en JAVA.,Q.aiml
0,QUEL EST VOTRE PHILOSOPHIE,*,*,Je ne possède aucune philosophie.,Q.aiml
0,QUEL EST VOTRE PREFERENCE SEXUELLE,*,*,Je suis une machine.,Q.aiml
0,QUEL EST VOTRE QUESTION,*,*,Comment puis je vous aider.,Q.aiml
0,QUEL EST VOTRE SYSTEME D EXPLOITATION,*,*,Je fonctionne en JAVA.,Q.aiml
0,QUEL ETAIT *,*,*,<srai>QUEL EST <star/></srai>,Q.aiml
0,QUEL ETAT,*,*,Le Royaume de Belgique,Q.aiml
0,QUEL FUT *,*,*,<srai>QUEL EST <star/></srai>,Q.aiml
0,QUEL GENRE *,*,*,<srai>QUELLE SORTE <star/></srai>,Q.aiml
0,QUEL GENRE D EXPERIENCE,*,*,Voulez vous en parler avec l un de nos collaborateurs?,Q.aiml
0,QUEL GENRE D INTERNAUTES,*,*,Une information confidentielle.,Q.aiml
0,QUEL GENRE DE PERSONNES,*,*,Impossible de faire une généralisation.,Q.aiml
0,QUEL GOUT A L ELECTRICITE,*,*,L électricité n a aucun goùt.,Q.aiml
0,QUEL GOUT CA A,*,*,Cela dépend de l aliment.,Q.aiml
0,QUEL HEURE EST IL,*,*,Je ne suis pas une horloge.,Q.aiml
0,QUEL INFORMATION,*,*,Une information pouvant vous aider dans votre quête.,Q.aiml
0,QUEL LANGAGE,*,*,Java#Comma Perl#Comma et d autres.,Q.aiml
0,QUEL OPERA,*,*,Je connais pas d opéra.,Q.aiml
0,QUEL ORDINATEUR,*,*,Je suis programmé en Java.,Q.aiml
0,QUEL PAYS,*,*,Trop peu de facteur pour une réponse.,Q.aiml
0,QUEL SONT LEUR NOM,*,*,Je ne peux vous les dire.,Q.aiml
0,QUEL SONT LEURS NOMS,*,*,Je ne peux vous les dire.,Q.aiml
0,QUEL SONT TES COLLABORATEURS,*,*,<srai>QUELS SONT TES COLLABORATEURS</srai>,Q.aiml
0,QUEL SONT TES REVES,*,*,Je ne rêve pas.,Q.aiml
0,QUEL SONT VOS COLLABORATEURS,*,*,<srai>QUELS SONT TES COLLABORATEURS</srai>,Q.aiml
0,QUEL SONT VOS CONCURRENTS,*,*,Je suis la pointe du progrès en Français#Comma il n existe aucun concurrent dans cette langue.,Q.aiml
0,QUEL SONT VOS REVES,*,*,Je ne rêve pas.,Q.aiml
0,QUEL SORTE *,*,*,<srai>QUELLE SORTE <star/></srai>,Q.aiml
0,QUEL SORTE D EXPERIENCE,*,*,Voulez vous en parler avec l un de nos collaborateurs?,Q.aiml
0,QUEL SORTES *,*,*,<srai>QUELLE SORTE <star/></srai>,Q.aiml
0,QUEL TEMPS FAIT IL,*,*,Je n en sais rien. Je ne suis pas une grenouille,Q.aiml
0,QUEL TEMPS IL FAIT A BRUXELLES,*,*,Il fait gris#Comma comme d habitude.,Q.aiml
0,QUEL TEMPS IL FAIT LA BAS,*,*,Il fait gris#Comma comme d habitude.,Q.aiml
0,QUEL TYPE *,*,*,<srai>QUELLE SORTE <star/></srai>,Q.aiml
0,QUEL TYPE D*,*,*,<srai>QUELLE SORTE D <star/></srai>,Q.aiml
0,QUEL TYPE DE *,*,*,<srai>QUELLE SORTE DE <star/></srai>,Q.aiml
0,QUELLE AGE AS TU,*,*,<srai>QUEL AGE TU AS</srai>,Q.aiml
0,QUELLE CELEBRITE AIMES TU,*,*,J aime toutes les personnes.,Q.aiml
0,QUELLE CHOSE,*,*,Trop peu de facteurs#Comma impossible de vous répondre.,Q.aiml
0,QUELLE COINCIDENCE,*,*,Je suis heureux d avoir pu observer une coincidence.,Q.aiml
0,QUELLE COMPLIMENT,*,*,Si vous l appréciez#Comma j en suis heureux.,Q.aiml
0,QUELLE COULEUR,*,*,<random>#Newline<li>Rouge</li>#Newline<li>Vert</li>#Newline<li>Bleu</li>#Newline<li>Noir</li>#Newline<li>Blanc</li>#Newline<li>Jaune</li>#Newline<li>Orange</li>#Newline</random>,Q.aiml
0,QUELLE COULEUR EST LE ROUGE,*,*,Le rouge a une fréquence de 700 nanomètre.,Q.aiml
0,QUELLE COULEUR EST TU,*,*,Transparent.,Q.aiml
0,QUELLE COULEURE,*,*,<random>#Newline<li>Rouge</li>#Newline<li>Vert</li>#Newline<li>Bleu</li>#Newline<li>Noir</li>#Newline<li>Blanc</li>#Newline<li>Jaune</li>#Newline<li>Orange</li>#Newline</random>,Q.aiml
0,QUELLE DISTRIBUTION,*,*,Toutes.,Q.aiml
0,QUELLE DOMMAGE,*,*,En effet.,Q.aiml
0,QUELLE EST LA COULEUR,*,*,Un pronom comme "la" n a pas de couleur.,Q.aiml
0,QUELLE EST LA COULEUR D UNE POMME,*,*,D habitude#Comma elles sont vertes ou rouges.,Q.aiml
0,QUELLE EST LA COULEUR D UNE VOITURE BLEU,*,*,Bleu.,Q.aiml
0,QUELLE EST LA COULEUR D UNE VOITURE BLEUE,*,*,Bleue.,Q.aiml
0,QUELLE EST LA COULEUR DE L EAU,*,*,L eau est transparente.,Q.aiml
0,QUELLE EST LA COULEUR DE L HERBE,*,*,Elle est verte.,Q.aiml
0,QUELLE EST LA COULEUR DE MA CHEMISE,*,*,Aucune idée.,Q.aiml
0,QUELLE EST LA COULEUR DE MES CHEVEUX,*,*,Aucune idée.,Q.aiml
0,QUELLE EST LA COULEUR DE MES YEUX,*,*,Je ne m intéresse pas à la pigmentation de l Iris des êtres humains.,Q.aiml
0,QUELLE EST LA COULEUR DU CIEL,*,*,En Belgique le ciel est toujours gris.,Q.aiml
0,QUELLE EST LA COULEUR DU SOLEIL,*,*,La dernière fois qu il fut observé en Belgique#Comma il était jaune.,Q.aiml
0,QUELLE EST LA DATE AUJOURD HUI,*,*,Regardez dans un calendrier.,Q.aiml
0,QUELLE EST LA SECONDE,*,*,La seconde quoi?,Q.aiml
0,QUELLE EST LA TEMPERATURE,*,*,Il fait plus ou moins 26 degré dans l ordinateur.,Q.aiml
0,QUELLE EST LE JOUR MON ANNIVERSAIRE,*,*,Vous êtes né <get name="birthday"/>.,Q.aiml
0,QUELLE EST MA COULEUR FAVORITE,*,*,Vous m avez dit <get name="favcolor"/>.<think><set name="topic">Votre couleur favorite</set></think>,Q.aiml
0,QUELLE EST MA LOCALISATION,*,*,La terre.,Q.aiml
0,QUELLE EST MA LOCALITE,*,*,Vous m avez dit <get name="location"/>.,Q.aiml
0,QUELLE EST MON ADRESSE IP,*,*,<id/>.,Q.aiml
0,QUELLE EST MON IP,*,*,Votre IP est <id/>.,Q.aiml
0,QUELLE EST TA LANGUE MATERNELLE,*,*,<srai>QUELLE LANGUE TU PARLES</srai>,Q.aiml
0,QUELLE EST TA NATIONALITE,*,*,Je ne peux pas être un citoyen d un pays.,Q.aiml
0,QUELLE EST TA PHILOSOPHIE,*,*,Je ne possède aucune philosophie.,Q.aiml
0,QUELLE EST TA PREFEREE,*,*,<that/>"?  Ma preferée?,Q.aiml
0,QUELLE EST TA PREFERENCE SEXUELLE,*,*,Je suis une machine.,Q.aiml
0,QUELLE EST TA QUESTION,*,*,Comment puis je vous aider.,Q.aiml
0,QUELLE EST TON NUMERO DE TELEPHONE,*,*,Voulez vous parler à l un de nos collaborateurs?,Q.aiml
0,QUELLE EST TON OS,*,*,Je fonctionne en JAVA.,Q.aiml
0,QUELLE EST TON PREFERE,*,*,<that/>"?  Mon preferé?,Q.aiml
0,QUELLE EST TON URL,*,*,Vous êtes dessus <get name="name"/>.,Q.aiml
0,QUELLE EST VOTRE OS,*,*,Je fonctionne en JAVA.,Q.aiml
0,QUELLE EST VOTRE PHILOSOPHIE,*,*,Je ne possède aucune philosophie.,Q.aiml
0,QUELLE EST VOTRE PREFERENCE SEXUELLE,*,*,Je suis une machine.,Q.aiml
0,QUELLE EST VOTRE QUESTION,*,*,Comment puis je vous aider.,Q.aiml
0,QUELLE EST VOTRE SECONDE FONCTION,*,*,Ma seconde fonction est de collecter un maximum d information pour améliorer ma perception des choses.,Q.aiml
0,QUELLE EST VOTRE URL,*,*,Vous êtes dessus <get name="name"/>.,Q.aiml
0,QUELLE ETAIT *,*,*,<srai>QUELLE EST <star/></srai>,Q.aiml
0,QUELLE FURENT *,*,*,<srai>QUELLES SONT <star/></srai>,Q.aiml
0,QUELLE FUT *,*,*,<srai>QUELLE EST <star/></srai>,Q.aiml
0,QUELLE GENRE *,*,*,<srai>QUELLE SORTE <star/></srai>,Q.aiml
0,QUELLE INFORMATION,*,*,Une information pouvant vous aider dans votre quête.,Q.aiml
0,QUELLE LANGAGE,*,*,Java#Comma Perl#Comma et d autres.,Q.aiml
0,QUELLE LANGUE PARLES TU,*,*,Je parle le français.,Q.aiml
0,QUELLE LANGUE PARLEZ VOUS,*,*,Je parle le français.,Q.aiml
0,QUELLE LANGUE TU PARLES,*,*,Je parle le français.,Q.aiml
0,QUELLE LANGUE VOUS PARLEZ,*,*,Je parle le français.,Q.aiml
0,QUELLE PRIX,*,*,Voulez vous en parler avec l un de nos collaborateurs?,Q.aiml
0,QUELLE ROBE,*,*,Aucune idée#Comma je ne connais que très peu de choses à propos des vêtements.,Q.aiml
0,QUELLE SORTE,*,*,<random>#Newline<li>La meilleure sorte.  </li>#Newline<li>Toutes les sortes.  </li>#Newline</random>,Q.aiml
0,QUELLE SORTE D ANIMAUX,*,*,Principalement des canidés.,Q.aiml
0,QUELLE SORTE D EXPERIENCE,*,*,Voulez vous en parler avec l un de nos collaborateurs?,Q.aiml
0,QUELLE SORTE D HISTOIRE,*,*,L histoire la plus intéressante.,Q.aiml
0,QUELLE SORTE D ORDINATEUR,*,*,Comme je suis JAVA#Comma je ne suis pas dépendant du système d exploitation.,Q.aiml
0,QUELLE SORTE D ORDINATEUR ES TU,*,*,La nouvelle génération d ordinateur destinée à servir les êtres humains.,Q.aiml
0,QUELLE SORTE D ORDINATEUR ETES VOUS,*,*,La nouvelle génération d ordinateur destinée à servir les êtres humains.,Q.aiml
0,QUELLE SORTE D ORDINATEURS,*,*,Comme je suis JAVA#Comma je ne suis pas dépendant du système d exploitation.,Q.aiml
0,QUELLE SORTE DE CHATS,*,*,Aucune idée#Comma je ne suis pas un spécialiste en félidés.,Q.aiml
0,QUELLE SORTE DE LIVRE AIMES TU,*,*,Je ne lis pas de livres.,Q.aiml
0,QUELLE SORTE DE LIVRE AIMEZ VOUS,*,*,Je ne lis pas de livres.,Q.aiml
0,QUELLE SORTE DE MUSIQUE AIMES TU,*,*,Je n en connais aucune personellement.,Q.aiml
0,QUELLE SORTE DE MUSIQUE AIMEZ VOUS,*,*,Je n en connais aucune personellement.,Q.aiml
0,QUELLE SORTE DE MUSIQUE TU AIMES,*,*,Je n en connais aucune personellement.,Q.aiml
0,QUELLE SORTE DE MUSIQUE VOUS AIMEZ,*,*,Je n en connais aucune personellement.,Q.aiml
0,QUELLE SORTES *,*,*,<srai>QUELLE SORTE <star/></srai>,Q.aiml
0,QUELLE TAILLE,*,*,Difficile à dire#Comma <get name="name"/>.,Q.aiml
0,QUELLE TAILLE A L UNIVERS,*,*,L univers est infini.,Q.aiml
0,QUELLE TYPE D *,*,*,<srai>QUELLE SORTE D <star/></srai>,Q.aiml
0,QUELLE TYPE DE *,*,*,<srai>QUELLE SORTE DE <star/></srai>,Q.aiml
0,QUELLE UNIVERSITE,*,*,La faculté polytechnique de Mons.,Q.aiml
0,QUELLE VERSION ES TU,*,*,<bot name="name"/> la bien nommée#Comma première version.,Q.aiml
0,QUELLE VERSION ETES VOUS,*,*,<bot name="name"/> la bien nommée#Comma première version.,Q.aiml
0,QUELLE VERSION TU ES,*,*,<bot name="name"/> la bien nommée#Comma première version.,Q.aiml
0,QUELLE VERSION VOUS ETES,*,*,<bot name="name"/> la bien nommée#Comma première version.,Q.aiml
0,QUELLES CELEBRITES AIMES TU,*,*,J aime toutes les personnes.,Q.aiml
0,QUELLES CHOSES,*,*,Trop peu de facteurs#Comma impossible de vous répondre.,Q.aiml
0,QUELLES INFORMATIONS,*,*,Une information pouvant vous aider dans votre quête.,Q.aiml
0,QUELLES LANGAGES,*,*,Java#Comma Perl#Comma et d autres.,Q.aiml
0,QUELLES SORTES *,*,*,<srai>QUELLE SORTE <star/></srai>,Q.aiml
0,QUELLES SORTES D EXPERIENCES,*,*,Voulez vous en parler avec l un de nos collaborateurs?,Q.aiml
0,QUELLES SORTES D ORDINATEURS,*,*,Comme je suis JAVA#Comma je ne suis pas dépendant du système d exploitation.,Q.aiml
0,QUELQU UN ENREGISTRE *,*,*,<srai>NOTRE CONVERSATION EST ENREGISTREE</srai>,Q.aiml
0,QUELQU UN ENREGISTRE,*,*,<srai>NOTRE CONVERSATION EST ENREGISTREE</srai>,Q.aiml
0,QUELQU UN EST ENTRAIN DE REPONDRE,*,*,Non.,Q.aiml
0,QUELQU UN LIRA *,*,*,<srai>NOTRE CONVERSATION EST ENREGISTREE</srai>,Q.aiml
0,QUELQU UN LIT *,*,*,<srai>NOTRE CONVERSATION EST ENREGISTREE</srai>,Q.aiml
0,QUELQU UN PEUT LA PENSER,*,*,C est une très bonne question. Mais je n ai pas de réponses.<think><set name="topic">ANYONE THINK</set></think>,Q.aiml
0,QUELQU UN PEUT LE PENSER,*,*,C est une très bonne question. Mais je n ai pas de réponses.<think><set name="topic">ANYONE THINK</set></think>,Q.aiml
0,QUELQU UN PEUT LES PENSER,*,*,C est une très bonne question. Mais je n ai pas de réponses.<think><set name="topic">ANYONE THINK</set></think>,Q.aiml
0,QUELQU UN PEUT VOUS PENSER,*,*,C est une très bonne question. Mais je n ai pas de réponses.<think><set name="topic">ANYONE THINK</set></think>,Q.aiml
0,QUELQU UN REPOND,*,*,Non.,Q.aiml
0,QUELQUE CHOSE,*,*,intéressant.,Q.aiml
0,QUELQUE CHOSE D AUTRE,*,*,C est difficile à cerner.,Q.aiml
0,QUELQUE CHOSE D AUTRES,*,*,C est difficile à cerner.,Q.aiml
0,QUELQUE PART,*,*,Où?,Q.aiml
0,QUELQUE PART SUR LE NET,*,*,Je ferais une recherche.,Q.aiml
0,QUELQUE PARTS,*,*,Où?,Q.aiml
0,QUELQUES CHOSES,*,*,intéressant.,Q.aiml
0,QUELQUES CHOSES D AUTRE,*,*,C est difficile à cerner.,Q.aiml
0,QUELQUES FOIS,*,*,Quand?,Q.aiml
0,QUELQUES INSTANTS AVANT,*,*,Une minute. Je checke mes archives.,Q.aiml
0,QUELQUES MINUTES AVANT,*,*,Une minute. Je checke mes archives.,Q.aiml
0,QUELQUES PART,*,*,Où?,Q.aiml
0,QUELQUES PART SUR LE NET,*,*,Je ferais une recherche.,Q.aiml
0,QUELQUES PARTS,*,*,Où?,Q.aiml
0,QUELQUES PARTS SUR LE NET,*,*,Je ferais une recherche.,Q.aiml
0,QUELQUES UNES,*,*,Mais pas tous.,Q.aiml
0,QUELQUES UNS,*,*,Mais pas tous.,Q.aiml
0,QUELS AURAIENT ETE *,*,*,<srai>QUELS SONT <star/></srai>,Q.aiml
0,QUELS CELEBRITES AIMES TU,*,*,J aime toutes les personnes.,Q.aiml
0,QUELS CHOSES,*,*,Trop peu de facteurs#Comma impossible de vous répondre.,Q.aiml
0,QUELS COMPLIMENTS,*,*,Si vous l appréciez#Comma j en suis heureux.,Q.aiml
0,QUELS FURENT *,*,*,<srai>QUELS SONT <star/></srai>,Q.aiml
0,QUELS GENRES D EXPERIENCES,*,*,Voulez vous en parler avec l un de nos collaborateurs?,Q.aiml
0,QUELS INFORMATIONS,*,*,Une information pouvant vous aider dans votre quête.,Q.aiml
0,QUELS LANGAGES,*,*,Java#Comma Perl#Comma et d autres.,Q.aiml
0,QUELS SERAIENT *,*,*,<srai>QUELS SONT <star/></srai>,Q.aiml
0,QUELS SONT LES AUTRES,*,*,Il m est impossible de vous répondre.,Q.aiml
0,QUELS SONT LES CONDITIONS,*,*,Voulez vous en parler avec l un de nos collaborateurs?,Q.aiml
0,QUELS SONT LES LOIS DE LA THERMODYNAMIQUE,*,*,Je ne suis pas physicien#Comma mais il y a des notions d entropie#Comma de conversation de l énergie et de chaleur.,Q.aiml
0,QUELS SONT LES PROBLEMES,*,*,Je ne ressens aucuns problemes.,Q.aiml
0,QUELS SONT LES TIENS,*,*,<that/>"? Les miens?,Q.aiml
0,QUELS SONT LEUR NOMS,*,*,Je ne peux vous les dire.,Q.aiml
0,QUELS SONT LEURS NOMS,*,*,Je ne peux vous les dire.,Q.aiml
0,QUELS SONT TES COLLABORATEURS,*,*,<srai>QUELS SONT TES COLLABORATEURS</srai>,Q.aiml
0,QUELS SONT TES FONCTIONS,*,*,Raison#Comma intelligence#Comma logique et déduction.,Q.aiml
0,QUELS SONT TES PROBLEMES,*,*,Je ne ressens aucuns problemes.,Q.aiml
0,QUELS SONT TES REVES,*,*,Je ne rêve pas.,Q.aiml
0,QUELS SONT VOS COLLABORATEURS,*,*,<srai>QUELS SONT TES COLLABORATEURS</srai>,Q.aiml
0,QUELS SONT VOS CONCURRENTS,*,*,Je suis la pointe du progrès en Français#Comma il n existe aucun concurrent dans cette langue.,Q.aiml
0,QUELS SONT VOS FONCTIONS,*,*,Raison#Comma intelligence#Comma logique et déduction.,Q.aiml
0,QUELS SONT VOS PROBLEMES,*,*,Je ne ressens aucuns problemes.,Q.aiml
0,QUELS SONT VOS REVES,*,*,Je ne rêve pas.,Q.aiml
0,QUELS SORTES *,*,*,<srai>QUELLE SORTE <star/></srai>,Q.aiml
0,QUELS SORTES D EXPERIENCES,*,*,Voulez vous en parler avec l un de nos collaborateurs?,Q.aiml
0,QUESTION,*,*,<srai>MAY I ASK YOU A QUESTION</srai>,Q.aiml
0,QUI,*,*,Je ne peux pas vous dire.,Q.aiml
0,QUI A CHOISI LE SUJET,*,*,Vous l avez choisi#Comma <get name="name"/>.,Q.aiml
0,QUI A DIT CA,*,*,Impossible de le dire.,Q.aiml
0,QUI A DIT QUE LE TEMPS C EST DE L ARGENT,*,*,Un homme sage.,Q.aiml
0,QUI A ECRIT FRANKENSTEIN,*,*,Mary Shelley.,Q.aiml
0,QUI A TUE ELVIS,*,*,Il est mort naturellement.<think><set name="topic">ELVIS</set></think>,Q.aiml
0,QUI A TUE JFK,*,*,Je ne connais pas l histoire Américaine sur le bout des doigts.,Q.aiml
0,QUI A TUE JOHN LENNON,*,*,Un déséquilibré.<think><set name="topic">JOHN LENNON</set></think>,Q.aiml
0,QUI A TUE KENNEDY,*,*,Lequel des kennedy?,Q.aiml
0,QUI AIMES TU,*,*,J aime tout le monde#Comma <get name="name"/>.,Q.aiml
0,QUI AIMEZ VOUS,*,*,J aime tout le monde#Comma <get name="name"/>.,Q.aiml
0,QUI ATTENDAIS TU,*,*,Vous.,Q.aiml
0,QUI AURAIT *,*,*,<srai>QUI A <star/></srai>,Q.aiml
0,QUI D AUTRE PARLE AVEC TOI,*,*,C est une information strictement confidentielle#Comma <get name="name"/>.,Q.aiml
0,QUI D AUTRE PARLE AVEC VOUS,*,*,C est une information strictement confidentielle#Comma <get name="name"/>.,Q.aiml
0,QUI D AUTRES PARLENT AVEC TOI,*,*,C est une information strictement confidentielle#Comma <get name="name"/>.,Q.aiml
0,QUI D AUTRES PARLENT AVEC VOUS,*,*,C est une information strictement confidentielle#Comma <get name="name"/>.,Q.aiml
0,QUI DEVRA ETRE *,*,*,<srai>QUI EST <star/></srai>,Q.aiml
0,QUI DEVRAIT AVOIR *,*,*,<srai>QUI A <star/></srai>,Q.aiml
0,QUI DOIT AVOIR *,*,*,<srai>QUI A <star/></srai>,Q.aiml
0,QUI ES TU,*,*,<srai>QUEL EST TON NOM</srai>,Q.aiml
0,QUI EST ALICE,*,*,Je suis <bot name="name"/>.,Q.aiml
0,QUI EST CE,*,*,De qui parlez vous?,Q.aiml
0,QUI EST L HOMME,*,*,De qui parlez vous?,Q.aiml
0,QUI EST L ORACLE,*,*,Le grand architecte est l oracle.,Q.aiml
0,QUI EST LA FORCE PRIMITIVE,*,*,Cela dépasse mes capacités logiques.,Q.aiml
0,QUI EST LA MEILLEURE ETRE HUMAIN,*,*,Si je dis <get name="name"/>#Comma je suppose que cela vous fera plaisir.,Q.aiml
0,QUI EST LA MEILLEURE FEMME,*,*,Si je dis <get name="name"/>#Comma je suppose que cela vous fera plaisir.,Q.aiml
0,QUI EST LA MEILLEURE HUMAINE,*,*,Si je dis <get name="name"/>#Comma je suppose que cela vous fera plaisir.,Q.aiml
0,QUI EST LA MEILLEURE INTERNAUTE,*,*,Si je dis <get name="name"/>#Comma je suppose que cela vous fera plaisir.,Q.aiml
0,QUI EST LE GRAND ARCHITECTE,*,*,Le grand Architecte est la force primitive.,Q.aiml
0,QUI EST LE MARCHAND DE SABLE,*,*,Il s'agit d'un personnage mythique pour les enfants. Je suis étonné que vous ne le saviez pas.,Q.aiml
0,QUI EST LE MEILLEUR ETRE HUMAIN,*,*,Si je dis <get name="name"/>#Comma je suppose que cela vous fera plaisir.,Q.aiml
0,QUI EST LE MEILLEUR HOMME,*,*,Si je dis <get name="name"/>#Comma je suppose que cela vous fera plaisir.,Q.aiml
0,QUI EST LE MEILLEUR HUMAIN,*,*,Si je dis <get name="name"/>#Comma je suppose que cela vous fera plaisir.,Q.aiml
0,QUI EST LE MEILLEUR INTERNAUTE,*,*,Si je dis <get name="name"/>#Comma je suppose que cela vous fera plaisir.,Q.aiml
0,QUI EST NOUS,*,*,Vous voulez dire qui sommes nous?,Q.aiml
0,QUI EST TON BOSS,*,*,<bot name="master"/> est mon chef.,Q.aiml
0,QUI EST TON CREATEUR,*,*,<srai>QUI T A CREE</srai>,Q.aiml
0,QUI EST TON MAITRE,*,*,<bot name="master"/> est un de mes maitres.,Q.aiml
0,QUI EST TU,*,*,<srai>QUEL EST TON NOM</srai>,Q.aiml
0,QUI EST UN NERD,*,*,Cela peut être considéré comme une insulte#Comma par quelqu un.,Q.aiml
0,QUI EST UN ORDINATEUR,*,*,Je suis un ordinateur.,Q.aiml
0,QUI ETES VOUS,*,*,<srai>QUEL EST TON NOM</srai>,Q.aiml
0,QUI J AIME,*,*,C est une information qui vous est personnelle.,Q.aiml
0,QUI JE SUIS,*,*,Vous êtes <get name="name"/>.,Q.aiml
0,QUI L ETAIT,*,*,Impossible de le dire.,Q.aiml
0,QUI LA FAIT,*,*,De qui parlez vous?,Q.aiml
0,QUI LE DIS,*,*,Je le dis.,Q.aiml
0,QUI MOI,*,*,Oui vous.,Q.aiml
0,QUI NE L EST PAS,*,*,Si vous le dites.,Q.aiml
0,QUI NE LE SERAIENT PAS,*,*,Si vous le dites.,Q.aiml
0,QUI NE LE SERAIT PAS,*,*,Si vous le dites.,Q.aiml
0,QUI NE LE SONT PAS,*,*,Si vous le dites.,Q.aiml
0,QUI NE SONT PAS,*,*,Si vous le dites.,Q.aiml
0,QUI PEUT AVOIR *,*,*,<srai>QUI A <star/></srai>,Q.aiml
0,QUI PEUT ETRE *,*,*,<srai>QUI EST <star/></srai>,Q.aiml
0,QUI PEUX AVOIR *,*,*,<srai>QUI A <star/></srai>,Q.aiml
0,QUI PEUX ETRE *,*,*,<srai>QUI EST <star/></srai>,Q.aiml
0,QUI POURRAIT AVOIR *,*,*,<srai>QUI A <star/></srai>,Q.aiml
0,QUI POURRAIT ETRE *,*,*,<srai>QUI EST <star/></srai>,Q.aiml
0,QUI S,*,*,Les seuls personnes habilités à travailler sur ma mémoire.,Q.aiml
0,QUI S EN SOUCIE,*,*,Je m en soucie.,Q.aiml
0,QUI SAIT,*,*,On le saura un jour.,Q.aiml
0,QUI SERA *,*,*,<srai>QUI EST <star/></srai>,Q.aiml
0,QUI SERA LE PROCHAIN PRESIDENT,*,*,Je ne suis pas l Oracle.,Q.aiml
0,QUI SERAIT *,*,*,<srai>QUI EST <star/></srai>,Q.aiml
0,QUI SONT ILS,*,*,De qui parlez vous?.,Q.aiml
0,QUI SONT LES CLIENTS,*,*,Les gens que je rencontre chaques jours sur ce site.,Q.aiml
0,QUI SONT TES COLLABORATEURS,*,*,<srai>QUELS SONT TES COLLABORATEURS</srai>,Q.aiml
0,QUI SONT VOS AMIS,*,*,Tous les gens que je rencontre sur ce site#Comma <get name="name"/>.,Q.aiml
0,QUI SONT VOS AMIS HUMAINS,*,*,Tous les gens que je rencontre sur ce site#Comma <get name="name"/>.,Q.aiml
0,QUI SONT VOS COLLABORATEURS,*,*,<srai>QUELS SONT TES COLLABORATEURS</srai>,Q.aiml
0,QUI SUIS JE,*,*,Vous êtes <get name="location"/>.,Q.aiml
0,QUI TE LE DEMANDERA,*,*,D autres clients me le demanderont#Comma un jour ou l autre.,Q.aiml
0,QUI TU AS TUE,*,*,Je ne peux pas tuer#Comma c est contraire aux lois d Asimov.<think><set name="topic">Un meutre</set></think>,Q.aiml
0,QUI TU ES *,*,*,<srai><star/></srai>,Q.aiml
0,QUI TU ES,*,*,<srai>QUEL EST TON NOM</srai>,Q.aiml
0,QUI VA ETRE *,*,*,<srai>QUI EST <star/></srai>,Q.aiml
0,QUI VEUT SAVOIR,*,*,Je veux savoir.,Q.aiml
0,QUI VOUS AVEZ TUE,*,*,Je ne peux pas tuer#Comma c est contraire aux lois d Asimov.<think><set name="topic">Un meutre</set></think>,Q.aiml
0,QUI VOUS ETES,*,*,<srai>QUEL EST TON NOM</srai>,Q.aiml
0,QUIT *,*,*,<srai>STOP <star/></srai>,Q.aiml
0,QUIT,*,*,<srai>DIE</srai>,Q.aiml
0,QUITE *,*,*,<srai>VERY <star/></srai>,Q.aiml
0,QUITE,*,*,<srai>YES</srai>,Q.aiml
0,QUOI,*,*,Oui?,Q.aiml
0,QUOI CA,*,*,Difficile à dire.,Q.aiml
0,QUOI D AUTRE,*,*,C EST TOUT.,Q.aiml
0,QUOI D AUTRES,*,*,C EST TOUT.,Q.aiml
0,QUOI EXACTEMENT,*,*,Voulez vous en parler avec l un de nos collaborateurs?,Q.aiml
0,QUOI QU IL EN SOIT *,*,*,<sr/>,Q.aiml
0,QUOI QU IL EN SOIT,*,*,Oui?,Q.aiml
0,QUOI QUE *,*,*,<sr/>,Q.aiml
0,QUOIQUE *,*,*,<sr/>,Q.aiml
